Date,Close,Volume,EMA_12,EMA_26,MACD,Signal_Line,RSI,Bollinger_High,Bollinger_Low
2020-01-22 00:00:00-05:00,6.226646423339844,239240000,6.123402085039278,6.0512426982640095,0.07215938677526879,0.049238928886286004,69.49214068667463,6.3112841649777085,5.745420785354932
2020-01-23 00:00:00-05:00,6.295109272003174,244516000,6.149818575341416,6.069306888911355,0.08051168643006079,0.05549348039504096,67.92157058165233,6.349642642979288,5.742015853877402
2020-01-24 00:00:00-05:00,6.23585844039917,373512000,6.163055477657994,6.081644040873416,0.0814114367845784,0.06067707167294845,70.78175955149662,6.371487591310237,5.7496972345869795
2020-01-27 00:00:00-05:00,5.979930400848389,470536000,6.134882388918054,6.074109697167858,0.06077269175019673,0.06069619568839811,53.57145346871482,6.3711425141343,5.7525566740981215
2020-01-28 00:00:00-05:00,6.173369407653809,310976000,6.140803468723555,6.081462268314965,0.059341200408590034,0.0604251966324365,58.22759255201255,6.3785814177437645,5.7727518666342865
2020-01-29 00:00:00-05:00,6.112873077392578,258848000,6.136506485441866,6.083788994913307,0.05271749052855945,0.058883655411661094,55.07475096511496,6.362250076477904,5.82199527149878
2020-01-30 00:00:00-05:00,6.119595050811768,290504000,6.133904726268005,6.086441295350229,0.04746343091777572,0.05659961051288402,52.878043537363354,6.351906753342763,5.8585039846485705
2020-01-31 00:00:00-05:00,5.886074066162109,370420000,6.09577693240556,6.0715992783733315,0.02417765403222827,0.050115219216752875,43.02390406940905,6.360095339545746,5.8416518394856265
2020-02-03 00:00:00-05:00,5.983166694641113,255564000,6.078452280441799,6.065048716615389,0.013403563826409837,0.04277288813868427,38.96566049442066,6.350007161549496,5.862345448084903
2020-02-04 00:00:00-05:00,6.152456760406494,271544000,6.089837585051752,6.071523386525842,0.01831419852591054,0.037881150216129526,49.86337115067278,6.343312181600063,5.89411033236173
2020-02-05 00:00:00-05:00,6.242828845977783,208220000,6.113374702117295,6.084212679818578,0.029162022298717005,0.036137324632647023,54.56787501180025,6.352343388024118,5.9120411201088165
2020-02-06 00:00:00-05:00,6.329713344573975,218284000,6.146657570187553,6.102397914244904,0.0442596559426498,0.03776179089464758,54.67155135991906,6.374906506613671,5.924008164330543
2020-02-07 00:00:00-05:00,6.263491630554199,189752000,6.164632041013191,6.114330782119667,0.05030125889352455,0.040269684494422975,51.949389512612214,6.385976950458391,5.934273179241315
2020-02-10 00:00:00-05:00,6.546804428100586,529608000,6.223427792872791,6.146365867007142,0.07706192586564864,0.04762813276866811,60.84571577682799,6.464319557994864,5.902361064105966
2020-02-11 00:00:00-05:00,6.669290065765381,638556000,6.29202198870242,6.185100992841085,0.10692099586133441,0.059486705387201376,62.3403600819845,6.557140631553244,5.849148850563456
2020-02-12 00:00:00-05:00,6.785054683685303,374644000,6.36787317254594,6.2295420069776934,0.1383311655682462,0.07525559742341034,63.30808377789026,6.6727367193081895,5.7964391439578025
2020-02-13 00:00:00-05:00,6.741239547729492,528016000,6.425314153343409,6.267445528514863,0.1578686248285459,0.09177820290443746,63.843436840962724,6.754628845851654,5.777308944065338
2020-02-14 00:00:00-05:00,7.214504241943359,1041924000,6.546728013128017,6.337598025805863,0.2091299873221537,0.11524855978798072,80.219430577651,6.962057143841036,5.671604078616849
2020-02-18 00:00:00-05:00,7.383296489715576,620164000,6.675430855679949,6.415057171280656,0.2603736843992923,0.14427358471024304,79.97784565538794,7.174809745616791,5.576582904987458
2020-02-19 00:00:00-05:00,7.834654331207275,694332000,6.853772928837999,6.520212516460406,0.3335604123775928,0.182130950243713,85.7379603362984,7.482975925596465,5.434619794694672
2020-02-20 00:00:00-05:00,7.6852803230285645,810052000,6.981697143328855,6.606513835465455,0.3751833078634004,0.2207414217676505,80.68107447861011,7.685802677943153,5.377656432316856
2020-02-21 00:00:00-05:00,7.321058750152588,768180000,7.033906621301737,6.659443088405243,0.3744635328964945,0.25148584399341933,76.74964911641335,7.783103822540007,5.382950235534945
2020-02-24 00:00:00-05:00,6.803477764129639,856916000,6.998456027890645,6.670112323644087,0.32834370424655823,0.2668574160440471,63.219148619322254,7.803737725914713,5.419078264533285
2020-02-25 00:00:00-05:00,6.523899555206299,1055496000,6.925447339785361,6.659281748204251,0.2661655915811103,0.2667190511514598,55.780264295945926,7.7945464477061455,5.482666458177644
2020-02-26 00:00:00-05:00,6.663315773010254,747732000,6.8851194064353445,6.659580564856547,0.2255388415787971,0.25848300923692724,56.44509320708773,7.7981066425019385,5.528100899917495
2020-02-27 00:00:00-05:00,6.292397975921631,906416000,6.7939314940486195,6.632381854565072,0.16154963948354784,0.23909633528625138,49.47385392319569,7.79149313497917,5.552666897293168
2020-02-28 00:00:00-05:00,6.727584362030029,1133252000,6.7837242429688365,6.639433892155068,0.14429035081376806,0.22013513839175472,55.927007062791475,7.791323945569865,5.6136350178243
2020-03-02 00:00:00-05:00,6.886014938354492,890744000,6.799461273028168,6.657699154836507,0.14176211819166085,0.20446053435173595,54.47485316903765,7.773176918467874,5.73177613214553
2020-03-03 00:00:00-05:00,6.623458385467529,652792000,6.772383905711147,6.655162801549916,0.11722110416123055,0.18701264831363487,49.41693784754972,7.74178977987066,5.827192439825384
2020-03-04 00:00:00-05:00,7.087292194366455,597408000,6.820831334735041,6.687172386202993,0.13365894853204807,0.17634190835731753,53.53219352897251,7.749070586006144,5.913395177085897
2020-03-05 00:00:00-05:00,6.807796955108643,540328000,6.818826045561749,6.696107539455263,0.12271850610648549,0.16561722790715114,50.73723213202012,7.734863216408446,5.984099357596682
2020-03-06 00:00:00-05:00,6.627195358276367,515412000,6.789344401363998,6.691002933442012,0.09834146792198606,0.15216207591011813,43.04357786092036,7.7214895202974745,6.027221255077892
2020-03-09 00:00:00-04:00,6.114038944244385,614160000,6.6854512541148265,6.648264860168114,0.03718639394671275,0.12916693951743705,36.10009919600893,7.738974237301349,5.994791269443036
2020-03-10 00:00:00-04:00,6.503639221191406,580648000,6.657480172126608,6.637551849873543,0.0199283222530644,0.10731921606456252,35.223912168662494,7.740357732788134,5.989091253265332
2020-03-11 00:00:00-04:00,6.13969612121582,499964000,6.577821087371102,6.600673647750749,-0.022852560379647002,0.08128486077572061,33.62214617605605,7.769054573132169,5.907435018466342
2020-03-12 00:00:00-04:00,5.3883957862854,816540000,6.394832579511763,6.510875287642205,-0.1160427081304416,0.04181934699448817,31.073097072683893,7.903232277815836,5.633591424042684
2020-03-13 00:00:00-04:00,5.999450206756592,634836000,6.334004522164814,6.472991948317344,-0.13898742615253035,0.005657992365084471,42.267584265303846,7.9172205565665195,5.54542421119471
2020-03-16 00:00:00-04:00,4.892426013946533,726972000,6.112223213208155,6.355912990215803,-0.24368977700764738,-0.0442115615094619,36.46420839398783,8.033791257653313,5.1966456873082345
2020-03-17 00:00:00-04:00,5.412308216094971,833632000,6.0045439828830505,6.286016340280926,-0.2814723573978757,-0.09166372068714466,40.23715548572212,7.983600410336302,5.049737707263186
2020-03-18 00:00:00-04:00,5.052352428436279,874268000,5.858052974506624,6.194633828292433,-0.3365808537858097,-0.14064714730687766,40.306117123825466,7.845925340379871,4.909182586942517
2020-03-19 00:00:00-04:00,5.30519437789917,765512000,5.772997805797784,6.128749424559599,-0.3557516187618148,-0.1836680415978651,38.55436073174295,7.665158898020966,4.851940434788482
2020-03-20 00:00:00-04:00,5.125339031219482,804636000,5.673357994324199,6.054422728756627,-0.38106473443242805,-0.2231473801647777,35.88093565632492,7.548935986107988,4.74859137480815
2020-03-23 00:00:00-04:00,5.2982177734375,643876000,5.615644114187784,5.998407546881136,-0.382763432693352,-0.2550705906704926,39.217662290179916,7.487251141505482,4.659750220341442
2020-03-24 00:00:00-04:00,6.207203388214111,1101644000,5.706653233268757,6.013873905498394,-0.30722067222963645,-0.26550060698232136,43.32312600179518,7.457198251443958,4.658133493703747
2020-03-25 00:00:00-04:00,6.118523120880127,793432000,5.770017831362814,6.021625699230374,-0.25160786786755995,-0.2627220591593691,44.614846434055785,7.4012372583629045,4.659615221571787
2020-03-26 00:00:00-04:00,6.407983303070068,696108000,5.868166365471622,6.050244780996278,-0.1820784155246553,-0.24659333043242634,48.31598637993026,7.412629987653258,4.659781024996278
2020-03-27 00:00:00-04:00,6.295636177062988,638828000,5.933930951870294,6.068421921445664,-0.13449096957536977,-0.22417285826101505,51.4865986858464,7.358526661720825,4.670689532432007
2020-03-30 00:00:00-04:00,6.615985870361328,602252000,6.038862477791992,6.108982213957935,-0.07011973616594336,-0.1933622338420007,50.93024387039063,7.313213492918388,4.688999794435128
2020-03-31 00:00:00-04:00,6.5664143562316895,949960000,6.120024305244253,6.142866076348583,-0.022841771104330277,-0.15925814129446664,53.727325881622136,7.304901758338246,4.691607126091687
2020-04-01 00:00:00-04:00,6.055000305175781,656912000,6.110020612926027,6.136357500706153,-0.02633688778012644,-0.1326738905915986,56.07738805658053,7.1495958369407875,4.743683858570077
2020-04-02 00:00:00-04:00,6.3638916015625,675764000,6.149077688100869,6.153211878547364,-0.004134190446495545,-0.10696595056257799,53.5163227724352,7.07577284237896,4.773116317777291
2020-04-03 00:00:00-04:00,6.075926303863525,663212000,6.137823628987431,6.147487021163377,-0.009663392175945695,-0.08750543888525153,63.56267295006361,7.0028732110671585,4.790889043647808
2020-04-06 00:00:00-04:00,6.685985088348389,727884000,6.222156161196809,6.187375766880785,0.034780394316023866,-0.06304827224499646,64.3005137296162,7.08346754896147,4.767489320163896
2020-04-07 00:00:00-04:00,6.452573299407959,784520000,6.257604951690832,6.207020028549464,0.05058492314136753,-0.040321633167723664,66.18112070702239,7.075760358633531,4.7700899183134915
2020-04-08 00:00:00-04:00,6.649864673614502,542444000,6.31795260121755,6.239823335591319,0.07812926562623179,-0.016631453408932573,65.74127351692043,7.143275620768521,4.753591511418368
2020-04-09 00:00:00-04:00,6.550220966339111,525564000,6.353686195851637,6.262815752683748,0.09087044316788884,0.004868925906431709,66.99951234819477,7.199693068143322,4.8133565820489395
2020-04-13 00:00:00-04:00,6.722104072570801,398408000,6.410365869193047,6.296837109712419,0.11352875948062824,0.026600892621271015,66.99167062138599,7.2779483936342775,4.807366643139405
2020-04-14 00:00:00-04:00,7.073342323303223,530948000,6.5123622467484585,6.354356014422849,0.15800623232560973,0.05288196056213876,61.92304112394843,7.343755143183368,4.959651524525982
2020-04-15 00:00:00-04:00,6.995871067047119,366148000,6.586748219102098,6.401875647950573,0.18487257115152556,0.07928008268001613,62.114727549460866,7.426506937739411,5.035256015065155
2020-04-16 00:00:00-04:00,7.341130256652832,745620000,6.7028069941099035,6.471450063409999,0.2313569306999046,0.10969545228399383,62.689673874348465,7.503542017161356,5.187098718464865
2020-04-17 00:00:00-04:00,7.281843662261963,539120000,6.79188955844099,6.531479218880515,0.2604103395604751,0.1398384297392901,63.60760705438827,7.565418496999322,5.322887167063178
2020-04-20 00:00:00-04:00,7.150564670562744,449388000,6.84707034492126,6.577337400486606,0.26973294443465434,0.16581733267836296,57.78210929728731,7.521609217903106,5.569219010093721
2020-04-21 00:00:00-04:00,6.713635444641113,735160000,6.826541898724314,6.587433551905458,0.23910834681885618,0.18047553550646162,51.925957689002985,7.397435618333756,5.834934376783431
2020-04-22 00:00:00-04:00,7.128146171569824,483356000,6.872942556085162,6.627486338547263,0.2454562175378987,0.19347167191274905,64.40418005714693,7.450515552976984,5.873948720475774
2020-04-23 00:00:00-04:00,7.074836730957031,424160000,6.904003198373142,6.660623404651691,0.24337979372145124,0.2034532962744895,60.24553101448734,7.475141868114995,5.944953766345454
2020-04-24 00:00:00-04:00,7.21383810043335,352328000,6.951670106382405,6.701602271005888,0.2500678353765169,0.21277620409489498,67.13426447941539,7.533128272871476,5.9675528413253005
2020-04-27 00:00:00-04:00,7.400418281555176,479388000,7.020708287178216,6.753366419935465,0.26734186724275144,0.22368933672446628,62.33016423430649,7.608916347003135,6.002242977642861
2020-04-28 00:00:00-04:00,7.257929801940918,442904000,7.057203904834016,6.790741485269202,0.26646241956481376,0.2322439532925358,64.34973574202346,7.660186744278312,6.015166973525642
2020-04-29 00:00:00-04:00,7.434794902801514,379160000,7.115294827598246,6.838449145827151,0.27684568177109536,0.24116429898824773,64.0883328209633,7.734416866640282,6.027774905820656
2020-04-30 00:00:00-04:00,7.280848503112793,375916000,7.140764623831253,6.87121946858905,0.269545155242203,0.2468404702390388,62.862942038575135,7.71847529065182,6.166301301602819
2020-05-01 00:00:00-04:00,7.0441975593566895,342096000,7.125908152373628,6.884032660497764,0.24187549187586388,0.24584747456640382,55.5441286139937,7.7038422512578,6.248964936776257
2020-05-04 00:00:00-04:00,7.256186008453369,317556000,7.145950899462819,6.9115995751611425,0.23435132430167638,0.24354824451345836,53.30571864989441,7.635646614283251,6.43518654420979
2020-05-05 00:00:00-04:00,7.317216873168945,368896000,7.172299510802223,6.9416453009394985,0.2306542098627249,0.24096943758331169,55.84450860184187,7.656125243606543,6.477831093368555
2020-05-06 00:00:00-04:00,7.4181036949157715,323464000,7.210115539127385,6.976938515308111,0.2331770238192732,0.239410954830504,51.536547119477454,7.6479501491042265,6.582559227421652
2020-05-07 00:00:00-04:00,7.594470500946045,373732000,7.2692470717148705,7.022681625355366,0.2465654463595044,0.2408418531363041,55.961988104141135,7.688908278874715,6.6360616803843175
2020-05-08 00:00:00-04:00,7.784537315368652,339216000,7.3485224938154525,7.0791153801711655,0.26940711364428704,0.2465549052379007,61.82510502660152,7.7376477904806436,6.710753803681344
2020-05-11 00:00:00-04:00,8.03663158416748,469060000,7.454385430792687,7.150042506393115,0.3043429243995721,0.258112509070235,76.50459186051933,7.865532237468432,6.7143221078532225
2020-05-12 00:00:00-04:00,7.7745747566223145,493060000,7.503645327074168,7.1963041545582405,0.30734117251592785,0.26795824175937355,63.79293188789915,7.929735560449301,6.720242028204264
2020-05-13 00:00:00-04:00,7.752155303955078,625852000,7.541877631209693,7.237478313772821,0.30439931743687154,0.27524645689487315,64.64508828046513,7.97542773874899,6.750178273595371
2020-05-14 00:00:00-04:00,8.001757621765137,602312000,7.612628398987454,7.294091595846326,0.31853680314112776,0.2839045261441241,66.25887952964987,8.071531272533647,6.720137476321943
2020-05-15 00:00:00-04:00,8.460362434387207,987660000,7.7430490198181845,7.380482028330835,0.3625669914873493,0.29963701921276914,69.6645133164236,8.278036272292354,6.63148435377576
2020-05-18 00:00:00-04:00,8.718931198120117,774460000,7.893184739556943,7.47962641127819,0.4135583282787536,0.32242128102596607,75.98584389268525,8.517484439001592,6.54887283982226
2020-05-19 00:00:00-04:00,8.7739839553833,717320000,8.028692311222537,7.575504747878568,0.4531875633439686,0.34857453748956657,74.89813290798655,8.688288720816088,6.584103409081983
2020-05-20 00:00:00-04:00,8.937894821166992,587536000,8.16856962044476,7.676422531085119,0.4921470893596416,0.3772890478635816,80.69399192063939,8.899203544844122,6.554163450013665
2020-05-21 00:00:00-04:00,8.743841171264648,761068000,8.257072935955513,7.755490578505825,0.5015823574496885,0.402147709780803,81.98783059030127,9.024152034397616,6.596115404490934
2020-05-22 00:00:00-04:00,8.993943214416504,1038764000,8.37043759418028,7.847227810795505,0.5232097833847762,0.42636012450159766,82.2425820246553,9.18780535818759,6.610472592099274
2020-05-26 00:00:00-04:00,8.686548233032227,770780000,8.419070000157504,7.909399693924151,0.5096703062333532,0.4430221608479488,73.27859582134153,9.27547278861032,6.651418156824249
2020-05-27 00:00:00-04:00,8.494736671447754,1175892000,8.43071102650985,7.952757988555529,0.47795303795432176,0.45000833626922343,67.75388136133512,9.313675907769545,6.736895724615708
2020-05-28 00:00:00-04:00,8.456624984741211,734896000,8.434697789314676,7.990081469754468,0.44461631956020753,0.4489299329274203,64.89631882178568,9.34709406847449,6.805660572104734
2020-05-29 00:00:00-04:00,8.843732833862305,745256000,8.497626257706619,8.053314904132826,0.44431135357379326,0.4480062170566949,67.13414079144471,9.41139845336057,6.897644620293602
2020-06-01 00:00:00-04:00,8.774731636047363,389876000,8.540257854374426,8.106753180570939,0.4335046738034869,0.44510590840605335,62.69173197666944,9.411371348853244,7.070725132469999
2020-06-02 00:00:00-04:00,8.793664932250977,391320000,8.579243558663126,8.157635532547237,0.421608026115889,0.4404063319480205,69.12222101134367,9.415585385390877,7.220258988312126
2020-06-03 00:00:00-04:00,8.738113403320312,365440000,8.60368507322577,8.200633893345243,0.40305117988052785,0.432935301534522,68.27332320909936,9.393934522535547,7.383999504182593
2020-06-04 00:00:00-04:00,8.739109992980957,424280000,8.624519676265031,8.240521011836778,0.3839986644282529,0.4231479741132682,65.05291308143451,9.359983764392496,7.5500508921321625
2020-06-05 00:00:00-04:00,8.892129898071289,481748000,8.66569047961984,8.288788336743037,0.3769021428768031,0.4138988078659752,60.07100449561672,9.347885900728436,7.691914695508746
2020-06-08 00:00:00-04:00,8.77748966217041,387736000,8.68289035385839,8.324988434922842,0.3579019189355481,0.40269943007988984,51.46418990616766,9.328037633258248,7.811058197659111
2020-06-09 00:00:00-04:00,9.017733573913574,468488000,8.734404695405342,8.376302889662897,0.35810180574244477,0.39377990521240086,55.57810260269261,9.358652673252779,7.878553356639189
2020-06-10 00:00:00-04:00,9.337484359741211,632180000,8.827186182226244,8.447501517076105,0.37968466515013866,0.39096085719994844,58.5356144949809,9.39013400726665,8.003362982937208
2020-06-11 00:00:00-04:00,8.768767356872559,583652000,8.81819867063337,8.471298986690657,0.34689968394271276,0.38214862254850135,50.45898109953869,9.279700352560745,8.21545784293486
2020-06-12 00:00:00-04:00,8.904590606689453,570908000,8.831489737718922,8.503394662246123,0.3280950754727989,0.3713379131333609,48.282409792278884,9.196029290662871,8.389412203325165
2020-06-15 00:00:00-04:00,9.145086288452148,400004000,8.879735360908649,8.550927375298421,0.3288079856102275,0.36283192762873423,59.04698216915929,9.22771452508415,8.42619935431038
2020-06-16 00:00:00-04:00,9.040164947509766,535716000,8.904416835770359,8.587167195462225,0.31724964030813396,0.3537154701646142,61.143404924411435,9.25122654331503,8.434810711018466
2020-06-17 00:00:00-04:00,9.207143783569336,408304000,8.950990212354817,8.633091387173863,0.31789882518095425,0.34655214116788224,64.56649744088266,9.302361932137082,8.426991305015019
2020-06-18 00:00:00-04:00,9.189197540283203,254408000,8.987637493574569,8.674284435552332,0.313353058022237,0.3399123245387532,57.82649764845988,9.337618106458159,8.416865402605563
2020-06-19 00:00:00-04:00,9.232315063476562,524160000,9.025280196636414,8.715620037620793,0.30966015901562116,0.3338618914341268,60.489565985028115,9.38356876607862,8.419762132206293
2020-06-22 00:00:00-04:00,9.496984481811523,398468000,9.097850086663355,8.773498885338626,0.3243512013247294,0.33195975341224737,64.4902466244361,9.476713841786774,8.37692118323764
2020-06-23 00:00:00-04:00,9.420475006103516,375108000,9.14748468965415,8.821423042432322,0.3260616472218274,0.3307801321741634,63.93809102299575,9.543054384313647,8.383973318017896
2020-06-24 00:00:00-04:00,9.206645011901855,449372000,9.156586277692258,8.84995800313377,0.30662827455848785,0.3259497606510283,58.78606032887106,9.543823463311867,8.454395073065086
2020-06-25 00:00:00-04:00,9.460349082946777,376072000,9.203319016962183,8.895172157193992,0.30814685976819156,0.32238918047446097,60.28880155746037,9.567890589262543,8.530700356934968
2020-06-26 00:00:00-04:00,9.126394271850586,592084000,9.191484440791168,8.91229972124263,0.27918471954853885,0.3137482882892766,55.852803323424354,9.57377674411227,8.55308034588407
2020-06-29 00:00:00-04:00,9.17125415802002,342248000,9.188372089595607,8.931481531374288,0.25689055822131834,0.30237674227568495,52.75592896743655,9.576915870210543,8.58959347198306
2020-06-30 00:00:00-04:00,9.468073844909668,367892000,9.231403128874692,8.971229110154686,0.2601740187200061,0.2939361975645492,52.363741316768234,9.619403695218372,8.614546538241102
2020-07-01 00:00:00-04:00,9.500225067138672,326648000,9.272760350146074,9.010413995857204,0.2623463542888693,0.28761822890941324,66.4314810268302,9.652096506189388,8.658064893651922
2020-07-02 00:00:00-04:00,9.582218170166016,364056000,9.320369245533756,9.05276986062082,0.2675993849129359,0.28361446011011776,65.59951103336354,9.688687364598819,8.705784852960997
2020-07-06 00:00:00-04:00,9.80850601196289,315892000,9.395467209599778,9.108750316275788,0.2867168933239892,0.28423494675289207,65.37299817286453,9.783194162726803,8.702915666222173
2020-07-07 00:00:00-04:00,9.840909004211426,357800000,9.463996716463107,9.16298429315991,0.301012423303197,0.2875904420629531,69.20042240696048,9.85251999334573,8.739931769807345
2020-07-08 00:00:00-04:00,10.184081077575684,365480000,9.574778925865042,9.238621092005523,0.33615783385951836,0.29730392042226617,71.60010104294366,10.021454513843318,8.68763199967597
2020-07-09 00:00:00-04:00,10.476165771484375,494548000,9.713453825191094,9.330291068263216,0.38316275692787727,0.3144756877233884,75.37841460790966,10.245690068055811,8.577264586637792
2020-07-10 00:00:00-04:00,10.446507453918457,497676000,9.826231306533765,9.412973763496938,0.4132575430368277,0.3342320587860763,74.07108266584386,10.392499823311962,8.598228841086232
2020-07-13 00:00:00-04:00,10.020843505859375,457076000,9.856171644891552,9.458001151820081,0.39817049307147023,0.34701974564315513,59.76222584137631,10.432307968694326,8.670045985620858
2020-07-14 00:00:00-04:00,10.344576835632324,542676000,9.931310905005516,9.523673424695062,0.4076374803104539,0.3591432925766149,65.76795537676,10.53800196932021,8.684301039712995
2020-07-15 00:00:00-04:00,10.195297241210938,403984000,9.971924187498658,9.57342333702957,0.39850085046908745,0.36701480415510945,67.24935631701183,10.589889293604918,8.747926944798403
2020-07-16 00:00:00-04:00,10.103086471557617,344964000,9.992103000430806,9.612657643290907,0.3794453571398986,0.3695009147520673,61.88374032624086,10.627244226596154,8.800166280605993
2020-07-17 00:00:00-04:00,10.169626235961914,266284000,10.019414267435591,9.653914576081352,0.36549969135423943,0.36870067007250173,71.40527467194734,10.66288135247227,8.86257202429775
2020-07-20 00:00:00-04:00,10.477910041809082,284852000,10.089952078877667,9.714951277246369,0.37500080163129823,0.36996069638426105,74.19481184552085,10.742829707326427,8.907183167276843
2020-07-21 00:00:00-04:00,10.296228408813477,277036000,10.121686898867791,9.758008842547637,0.36367805632015404,0.36870416837143966,66.01757688642755,10.792206760865499,8.937730506437967
2020-07-22 00:00:00-04:00,10.406134605407715,367292000,10.165448084489318,9.80601815831505,0.3594299261742684,0.3668493199320054,67.00984259652876,10.84677731451016,8.981725912723729
2020-07-23 00:00:00-04:00,10.098103523254395,411660000,10.155087382760868,9.82765411127352,0.32743327148734913,0.3589661102430742,58.928639219560885,10.832290638480178,9.085358439888964
2020-07-24 00:00:00-04:00,10.162649154663086,473292000,10.156250732284287,9.852468558932006,0.3037821733522801,0.3479293228649154,56.492812107690746,10.839034965636081,9.148844119904691
2020-07-27 00:00:00-04:00,10.388936042785645,292132000,10.192048472361419,9.892206891069312,0.2998415812921067,0.33831177455035366,59.38056240801417,10.813244228399897,9.300889034234379
2020-07-28 00:00:00-04:00,10.18358325958252,271636000,10.190746131933896,9.913790325773995,0.2769558061599007,0.32604058087226306,49.991056921154936,10.73950149151066,9.475864681279868
2020-07-29 00:00:00-04:00,10.432802200317383,284508000,10.227985527069817,9.952235649814247,0.27574987725557065,0.3159824401489246,49.20880734711207,10.726467030191866,9.585371978139431
2020-07-30 00:00:00-04:00,10.580838203430176,308880000,10.28227055420218,9.998798801933946,0.28347175226823396,0.3094803025727865,52.349449800142644,10.720569134410825,9.699331187549623
2020-07-31 00:00:00-04:00,10.581584930419922,386080000,10.32831891977414,10.041968144784759,0.28635077498938166,0.30485439705610556,61.51962320930379,10.703018582642722,9.81681841534312
2020-08-03 00:00:00-04:00,10.975850105285645,412720000,10.427939102160526,10.111144586303343,0.31679451585718255,0.30724242081632097,62.60335912884734,10.815277542933615,9.8212938643845
2020-08-04 00:00:00-04:00,11.192671775817871,310336000,10.545590282723195,10.191257711452568,0.3543325712706267,0.31666045090718214,69.38963483842883,10.969610188623315,9.802137495855446
2020-08-05 00:00:00-04:00,11.251484870910645,249924000,10.654189450136649,10.26979305659761,0.38439639353903843,0.3302076394335534,72.61936381624598,11.130565903793423,9.747922160018833
2020-08-06 00:00:00-04:00,11.300085067749023,244316000,10.753558006692398,10.346110983349567,0.4074470233428311,0.34565551621540896,72.42449007389247,11.271959533853778,9.688920459584942
2020-08-07 00:00:00-04:00,11.164508819580078,342516000,10.816781208675119,10.406733045292567,0.4100481633825517,0.3585340456488375,64.62166110938031,11.364485103840986,9.668195026163898
2020-08-10 00:00:00-04:00,11.13011360168457,427796000,10.864986192215035,10.460316790210493,0.4046694020045418,0.36776111691997837,68.94680458263778,11.428552582938234,9.715054556649168
2020-08-11 00:00:00-04:00,10.8160982131958,354512000,10.857464964673614,10.486670969690886,0.37079399498272814,0.3683676925325283,58.52419734794465,11.45175153321081,9.739007744132941
2020-08-12 00:00:00-04:00,11.404505729675293,464412000,10.94162508236618,10.55465872968973,0.3869663526764491,0.3720874245613125,74.32704957393184,11.562543838931111,9.749136287259075
2020-08-13 00:00:00-04:00,11.407246589660645,374460000,11.013259160411481,10.617813385983872,0.39544577442760875,0.3767590945345718,73.72219122006904,11.647735923767549,9.794360214232938
2020-08-14 00:00:00-04:00,11.527870178222656,366436000,11.092430086228585,10.685225000223783,0.40720508600480265,0.382848292828618,72.61932134781918,11.744136618358159,9.833783913868405
2020-08-17 00:00:00-04:00,12.298454284667969,621300000,11.277972270603875,10.804723465738167,0.4732488048657082,0.4009283952360361,84.3006412491257,12.036189949731796,9.723785006780655
2020-08-18 00:00:00-04:00,12.222442626953125,503448000,11.423275402349914,10.909739699902238,0.5135357024476761,0.4234498566783641,80.75366702327386,12.243347463398637,9.709248914927779
2020-08-19 00:00:00-04:00,12.100576400756836,622624000,11.527475555950979,10.997949825891467,0.5295257300595111,0.4446650313545935,76.35261374516915,12.392507313537537,9.729533244323791
2020-08-20 00:00:00-04:00,12.10306453704834,921388000,11.616027706889033,11.07981017486605,0.5362175320229827,0.46297553148827136,76.36688646412776,12.489403413901815,9.833133245338907
2020-08-21 00:00:00-04:00,12.643872261047363,999868000,11.774157638298007,11.195666625694296,0.5784910126037115,0.4860786277113594,77.50921509822832,12.682452774957838,9.888206194921313
2020-08-24 00:00:00-04:00,12.680506706237793,490564000,11.91359595644259,11.305654779808629,0.6079411766339611,0.5104511374958798,76.08804708365858,12.861861472342264,9.9379545638821
2020-08-25 00:00:00-04:00,12.710164070129395,289076000,12.036144897009791,11.409692505017574,0.6264523919922169,0.5336513883951473,75.84103449557527,12.982284846325287,10.070189270953767
2020-08-26 00:00:00-04:00,12.7330904006958,321244000,12.143367282192255,11.507721978771517,0.6356453034207377,0.5540501714002654,75.61925656817236,13.097033835252928,10.185469102063967
2020-08-27 00:00:00-04:00,12.588794708251953,317604000,12.211894578509131,11.587801440214513,0.6240931382946187,0.5680587647791361,75.38422942674588,13.166130979971221,10.317167607827852
2020-08-28 00:00:00-04:00,13.106670379638672,537160000,12.349552394067523,11.700310250542229,0.649242143525294,0.5842954405283677,80.04858645204654,13.306995660416856,10.42881147230409
2020-08-31 00:00:00-04:00,13.332715034484863,500840000,12.50080818490096,11.821229123426868,0.679579061474092,0.6033521647175125,89.31029592540223,13.501235714798774,10.470257910842093
2020-09-01 00:00:00-04:00,13.781941413879395,511316000,12.697905604743795,11.966467070867795,0.7314385338760001,0.6289694385492101,88.82436820046148,13.780426422609814,10.449994166837207
2020-09-02 00:00:00-04:00,14.305954933166504,874012000,12.94529780911652,12.139762468075107,0.8055353410414128,0.6642826190476506,90.45022951175719,14.146249878505945,10.389617717166661
2020-09-03 00:00:00-04:00,12.978716850280762,945128000,12.950439200064865,12.201907237127378,0.7485319629374878,0.6811324878256181,65.14558074902641,14.197824263167297,10.505906510758484
2020-09-04 00:00:00-04:00,12.586825370788574,1463684000,12.894498610945435,12.230419691472651,0.6640789194727841,0.6777217741550513,53.268789004690554,14.18397203474685,10.66199039429978
2020-09-08 00:00:00-04:00,11.8793306350708,795728000,12.738318922349338,12.204413094702144,0.5339058276471942,0.6489585848534799,46.59777210097282,14.135406584741308,10.785477547643946
2020-09-09 00:00:00-04:00,12.67906665802002,736200000,12.729203189375596,12.239572617910875,0.4896305714647209,0.6170929821757282,55.05644108958669,14.040130207047685,11.06705076981999
2020-09-10 00:00:00-04:00,12.276956558227539,698684000,12.659626784583587,12.242341798675072,0.41728498590851437,0.5771313829222854,51.42069754341238,13.990023412349936,11.204402647372964
2020-09-11 00:00:00-04:00,12.130122184753418,636928000,12.57816453845587,12.234029234680875,0.34413530377499413,0.5305321670928271,45.51386680221794,13.930369562864854,11.336344056367324
2020-09-14 00:00:00-04:00,12.835870742797852,1201744000,12.617811646816174,12.278610087133984,0.33920155968218957,0.49226604561069964,51.21471288557074,13.888539464344676,11.508974211345022
2020-09-15 00:00:00-04:00,12.95428466796875,727556000,12.669576726993494,12.328660056084708,0.3409166709087863,0.461996170670317,51.882528248697675,13.910983054814313,11.552113659205464
2020-09-16 00:00:00-04:00,12.479130744934082,556384000,12.6402773451382,12.339806033036513,0.30047131210168665,0.42969119895659097,48.16928465871874,13.905942154629042,11.58282337118883
2020-09-17 00:00:00-04:00,12.428277015686035,792512000,12.607661909837867,12.3463594391587,0.26130247067916734,0.39601345330110627,48.82707693062447,13.892962948320248,11.628572638990542
2020-09-18 00:00:00-04:00,12.154801368713379,698460000,12.537991057357177,12.332169952459047,0.20582110489812955,0.35797498362051094,42.78694232528385,13.889442485750942,11.637266784726352
2020-09-21 00:00:00-04:00,12.481876373291016,721044000,12.529358029039306,12.343259316965119,0.1860987120741875,0.32359972931124625,43.649761576633495,13.887276099198116,11.623233582503543
2020-09-22 00:00:00-04:00,12.602034568786621,646452000,12.540539035154278,12.362427854137081,0.17811118101719714,0.29450201965243644,40.73885163802339,13.88498614190255,11.617676326053994
2020-09-23 00:00:00-04:00,12.089485168457031,647012000,12.47114613258547,12.342209877420041,0.12893625516542961,0.2613888667550351,32.57145171099411,13.892039783765238,11.548554794024067
2020-09-24 00:00:00-04:00,12.313100814819336,731240000,12.446831468313757,12.34005365056073,0.1067778177530272,0.23046665695463353,43.66696471007551,13.88504500863068,11.51355061057098
2020-09-25 00:00:00-04:00,12.837366104125977,588016000,12.506913719977176,12.376891610084082,0.13002210989309404,0.21037774754232563,52.32521068960896,13.897807545219013,11.525645213570048
2020-09-28 00:00:00-04:00,12.998162269592285,573808000,12.582490419917962,12.422911658936542,0.15957876098141988,0.2002179502301445,61.556301384652116,13.885749692752821,11.526852255031603
2020-09-29 00:00:00-04:00,13.188371658325195,621460000,12.675702918134458,12.479612399631998,0.1960905185024604,0.19939246388460768,56.01836189485343,13.86407103347355,11.534096576694907
2020-09-30 00:00:00-04:00,13.492259979248047,689184000,12.801327081382702,12.554623331455408,0.24670374992729371,0.2088547210931449,64.70230310369365,13.799005827399423,11.570193639305899
2020-10-01 00:00:00-04:00,13.57602310180664,525004000,12.920511084524847,12.630282573703647,0.2902285108211995,0.22512947903875583,67.76305753796746,13.570141203628502,11.726065079940835
2020-10-02 00:00:00-04:00,13.025333404541016,552496000,12.936637595296565,12.65954559821012,0.27709199708644583,0.23552198264829383,52.41975913734161,13.576219096586389,11.724648842408971
2020-10-05 00:00:00-04:00,13.603944778442383,479820000,13.03930023885746,12.729501093042138,0.3097991458153224,0.25037741528169954,57.42450895124498,13.719495916021172,11.683083963739572
2020-10-06 00:00:00-04:00,13.697676658630371,784420000,13.140588918822525,12.80121780160423,0.3393711172182954,0.2681761556690187,65.25591735758223,13.825992465443973,11.758422016672727
2020-10-07 00:00:00-04:00,13.924534797668457,418084000,13.261195977106514,12.884426467979358,0.3767695091271559,0.2898948263606462,67.94208635676864,14.003227043747627,11.705734252333917
2020-10-08 00:00:00-04:00,13.799637794494629,378900000,13.344033179781608,12.952219899573082,0.3918132802085257,0.3102785171302221,70.45252414478762,14.119337765348137,11.741891654360115
2020-10-09 00:00:00-04:00,13.723855018615723,346892000,13.40246730883301,13.009378056539203,0.393089252293807,0.3268406641629391,66.47266755191518,14.186690973279315,11.833911729815167
2020-10-12 00:00:00-04:00,14.185794830322266,434744000,13.522979235215972,13.096520039782392,0.4264591954335799,0.3467643704170673,69.2596680879628,14.362012139102406,11.793582972744519
2020-10-13 00:00:00-04:00,14.20798110961914,344604000,13.628364138970307,13.17885048939993,0.44951364957037754,0.36731422624772936,79.25101523778423,14.518291882637227,11.762672873374735
2020-10-14 00:00:00-04:00,14.055414199829102,276100000,13.694064148333199,13.243781134616905,0.45028301371629453,0.3839079837414424,74.53833838351278,14.617994153748977,11.820598947752487
2020-10-15 00:00:00-04:00,13.93051815032959,267224000,13.730441687101875,13.294650543188215,0.4357911439136597,0.3942846157758859,67.34712099836827,14.675481723008414,11.913335491957408
2020-10-16 00:00:00-04:00,13.772465705871582,242392000,13.736906920758752,13.33004425894254,0.4068626618162128,0.3968002249839513,62.29805325305045,14.661572963276098,12.089010685405542
2020-10-19 00:00:00-04:00,13.459604263305664,298068000,13.694244973458277,13.339641296302771,0.3546036771555059,0.38836091541826223,54.14636791886178,14.63987259505122,12.208483842631885
2020-10-20 00:00:00-04:00,13.60693645477295,229212000,13.680812893660534,13.359440937670932,0.32137195598960133,0.3749631235325301,51.841205006487634,14.628553186258259,12.32029344002348
2020-10-21 00:00:00-04:00,13.486525535583496,219596000,13.65092253087945,13.36885461159038,0.2820679192890694,0.356384082683838,48.57977203105085,14.49700897063339,12.591541692360996
2020-10-22 00:00:00-04:00,13.323238372802734,290480000,13.600509583483033,13.365475630939445,0.2350339525435885,0.3321140566557881,55.39016099252843,14.361680177112321,12.827884241680403
2020-10-23 00:00:00-04:00,13.551839828491211,233484000,13.593021928868907,13.37928038631365,0.21374154255525823,0.3084395538356821,48.92050937352557,14.310485863992499,12.950525927236749
2020-10-26 00:00:00-04:00,13.104111671447754,336896000,13.51780496618873,13.358897518545804,0.1589074476429264,0.278533132597131,39.27576736059659,14.296415801128154,12.975190930286642
2020-10-27 00:00:00-04:00,13.358888626098633,250520000,13.493356298482562,13.358896859846014,0.1344594386365472,0.24971839380501423,39.882262832617734,14.284719652587972,13.003938775604167
2020-10-28 00:00:00-04:00,12.591314315795898,376520000,13.354580608838459,13.30203889362008,0.05254171521837847,0.2102830580876871,32.42692581777369,14.393087522867994,12.80547633897893
2020-10-29 00:00:00-04:00,12.987194061279297,320080000,13.298059601521665,13.27871705418743,0.019342547334234794,0.17209495593699664,40.199007929408545,14.40962483275125,12.73005612504294
2020-10-30 00:00:00-04:00,12.498576164245605,416820000,13.17506214963304,13.220928840117665,-0.04586669048462433,0.12850262665267245,27.710431406778326,14.482384929215602,12.604620304549048
2020-11-02 00:00:00-05:00,12.545197486877441,299652000,13.078159893824488,13.170874665803574,-0.09271477197908595,0.08425914692632078,28.174149644876394,14.529191629510604,12.451938875097548
2020-11-03 00:00:00-05:00,12.982706069946289,272900000,13.063474690150919,13.156936251295626,-0.09346156114470716,0.048715005312115194,36.89949699815468,14.512470953168819,12.397162492570928
2020-11-04 00:00:00-05:00,13.755263328552246,410228000,13.16990371144343,13.201256775536857,-0.03135306409342675,0.03270139143100681,48.152026045886004,14.490807646993359,12.401898651834765
2020-11-05 00:00:00-05:00,14.11998176574707,319028000,13.316069565951683,13.269310478515392,0.04675908743629087,0.03551293063206362,53.511344414651944,14.538967242433994,12.385773453519374
2020-11-06 00:00:00-05:00,14.520845413208008,383348000,13.50141969629881,13.362016769974105,0.13940292632470452,0.0562909297705918,60.535548263345156,14.674332193361005,12.330107542051591
2020-11-09 00:00:00-05:00,13.592225074768066,582976000,13.515389754524849,13.37906923699588,0.13632051752896857,0.07229684732226715,49.87356504605459,14.601022860672828,12.344059899184352
2020-11-10 00:00:00-05:00,12.73391056060791,644068000,13.395162186229935,13.331279705411585,0.06388248081835002,0.07061397402148373,44.25981631388929,14.517581917173858,12.280093787782198
2020-11-11 00:00:00-05:00,13.380077362060547,404744000,13.39284144405003,13.334894346644841,0.05794709740518833,0.06808059869822465,50.40376919902218,14.44029434648583,12.289847674693368
2020-11-12 00:00:00-05:00,13.418717384338379,365812000,13.396822357940545,13.341103460548066,0.05571889739247915,0.06560825843707556,49.028102987426315,14.381902270002135,12.297059674577943
2020-11-13 00:00:00-05:00,13.259421348571777,346312000,13.37568374111458,13.335052933735007,0.04063080737957314,0.06061276822557508,51.183734656893286,14.336449053084616,12.291208455765483
2020-11-16 00:00:00-05:00,13.47705364227295,413776000,13.39127911052356,13.345571504737817,0.045707605785741734,0.057631735737608415,50.905755121476666,14.337874815511078,12.291527631235748
2020-11-17 00:00:00-05:00,13.38431453704834,312028000,13.390207637681218,13.348441358983042,0.04176627869817651,0.054458644329722035,56.77989360198048,14.318165354569297,12.288974900405067
2020-11-18 00:00:00-05:00,13.390799522399902,510924000,13.390298696868708,13.351579000717624,0.03871969615108384,0.0513108546939944,53.69684590021536,14.310644501436366,12.286923152219641
2020-11-19 00:00:00-05:00,13.402268409729004,565936000,13.392140191154908,13.355333771755504,0.03680641939940443,0.048409967635076406,59.07024247552464,14.315614847111704,12.28985581023693
2020-11-20 00:00:00-05:00,13.050762176513672,341088000,13.339620496594717,13.332772912848702,0.006847583746015573,0.040097490857264245,54.78164239268379,14.289405024045484,12.265957868105394
2020-11-23 00:00:00-05:00,13.102863311767578,361356000,13.303196314313618,13.315742572027878,-0.012546257714259212,0.029568741142959556,51.22581669548447,14.289387846812378,12.265850209370484
2020-11-24 00:00:00-05:00,12.921130180358887,346500000,13.244416909089814,13.286512024496842,-0.042095115407027706,0.015235969832962106,40.32392245260818,14.278972560584043,12.232489651024844
2020-11-25 00:00:00-05:00,13.197346687316895,259916000,13.237175336509365,13.279907184705735,-0.04273184819636988,0.003642406227095708,39.072923229349186,14.261193160617886,12.310872288143102
2020-11-27 00:00:00-05:00,13.223772048950195,167276000,13.235113292269492,13.275749026501622,-0.040635734232129295,-0.0052132218647492935,33.143268337929825,14.26345152263865,12.332271724889427
2020-11-30 00:00:00-05:00,13.36362361907959,286952000,13.254884111778738,13.282258255581471,-0.027374143802733286,-0.009645406252346092,46.2629437350919,14.230440215749784,12.45178777726169
2020-12-01 00:00:00-05:00,13.352157592773438,296948000,13.269849262701,13.287435984262357,-0.017586721561357876,-0.01123366931414845,63.976560529328445,14.18812634603224,12.574797657568835
2020-12-02 00:00:00-05:00,13.506221771240234,283360000,13.306214264014727,13.303642338853312,0.002571925161415578,-0.008472550419035645,53.66778729318229,14.193528532267413,12.621747041463054
2020-12-03 00:00:00-05:00,13.362085342407227,199520000,13.31480981453665,13.307971450227676,0.006838364308974221,-0.005410367473433673,48.44854081897648,14.15673965578589,12.619218119330077
2020-12-04 00:00:00-05:00,13.523927688598633,202244000,13.34698179516157,13.323968208625525,0.02301358653604524,0.0002744233284621099,57.236169603261025,14.04979627318127,12.666556094219851
2020-12-07 00:00:00-05:00,13.57230281829834,223244000,13.381646567951842,13.342363364897585,0.03928320305425714,0.008076179273621116,52.8716999143171,13.751124725998364,12.870373381911792
2020-12-08 00:00:00-05:00,13.316205024719238,271920000,13.371578638223749,13.340425710069558,0.031152928154190462,0.012691529049734987,48.13067722576566,13.717013871715878,12.876882231189395
2020-12-09 00:00:00-05:00,12.8980131149292,401300000,13.298722403870741,13.307654406725828,-0.008932002855086552,0.00836682266877068,38.968176364342845,13.683224191293839,12.927082167043565
2020-12-10 00:00:00-05:00,12.939409255981445,207764000,13.243443458041618,13.28037698815217,-0.036933530110552226,-0.0006932478870939003,39.77515335911123,13.69284358165287,12.873395966076622
2020-12-11 00:00:00-05:00,12.980306625366211,209264000,13.202960868399249,13.258149553871728,-0.055188685472479904,-0.011592335404171102,48.19603311887653,13.68697369682811,12.835424775004165
2020-12-14 00:00:00-05:00,13.275059700012207,270156000,13.214052996339703,13.259402157289541,-0.04534916094983821,-0.018343700513304525,53.92167041036135,13.6877993031132,12.836163003863119
2020-12-15 00:00:00-05:00,13.326676368713379,193016000,13.231379669012576,13.264385432209826,-0.03300576319725046,-0.021276113050093713,59.81794892632995,13.669463580317682,12.83946099930268
2020-12-16 00:00:00-05:00,13.208976745605469,223116000,13.227933065411483,13.260281085053947,-0.032348019642464365,-0.023490494368567844,50.30496054143188,13.656533823951538,12.834856976524538
2020-12-17 00:00:00-05:00,13.307476043701172,231384000,13.24017044668682,13.263777007916705,-0.023606561229884804,-0.02351370774083124,52.11492548965935,13.647836991668054,12.835221460938147
2020-12-18 00:00:00-05:00,13.238402366638184,342064000,13.239898434371645,13.261897404859036,-0.021998970487391745,-0.02321076029014334,46.71870923501523,13.63254266101012,12.834129187286997
2020-12-21 00:00:00-05:00,13.298498153686523,302332000,13.248913775804702,13.26460857143885,-0.01569479563414866,-0.021707567358944406,48.62885577958758,13.636358608442865,12.855086837571537
2020-12-22 00:00:00-05:00,13.244634628295898,185580000,13.248255445418733,13.263129020094928,-0.014873574676194323,-0.02034076882239439,42.95497764960791,13.637633952971916,12.86798862469532
2020-12-23 00:00:00-05:00,12.976312637329102,179144000,13.20641809032802,13.241883362112274,-0.03546527178425407,-0.023365669414766328,40.2618274962204,13.631058076305585,12.880082747058673
2020-12-24 00:00:00-05:00,12.960854530334473,97884000,13.168639081098243,13.221066411610215,-0.05242733051197135,-0.029178001634207335,34.65188762870787,13.641205687667615,12.846285919998401
2020-12-28 00:00:00-05:00,12.867341041564941,212564000,13.122285536554658,13.194864532347601,-0.07257899579294325,-0.03785820046595452,31.24581383170893,13.657642399211468,12.794206107716022
2020-12-29 00:00:00-05:00,12.910484313964844,170372000,13.089700733079303,13.173799330985915,-0.08409859790661223,-0.04710627995408606,37.82733621100592,13.651792855429823,12.75474172098619
2020-12-30 00:00:00-05:00,13.112472534179688,225396000,13.093204087094746,13.169256605296566,-0.07605251820181991,-0.052895527603632836,57.393519471373395,13.635849067161374,12.746717003395268
2020-12-31 00:00:00-05:00,13.021950721740723,192424000,13.082242030886434,13.158345058366503,-0.07610302748006958,-0.05753702757892019,52.75239890019798,13.591716989101444,12.742421976505247
2021-01-04 00:00:00-05:00,13.080300331115723,560640000,13.081943307844785,13.152563967459038,-0.0706206596142529,-0.060153753985986734,53.29599272719499,13.568994834065698,12.736965630411841
2021-01-05 00:00:00-05:00,13.37081527709961,322760000,13.126385149268604,13.168730731136117,-0.04234558186751336,-0.05659211956229206,53.16513874256921,13.537552157945363,12.753097065382274
2021-01-06 00:00:00-05:00,12.582566261291504,580424000,13.042720704964434,13.125311140777256,-0.082590435812822,-0.061791782812398055,33.459017686260324,13.510353170526505,12.681322397100447
2021-01-07 00:00:00-05:00,13.310216903686523,461480000,13.083873966306294,13.13900786395572,-0.055133897649426444,-0.06046020577980374,51.770401189539896,13.509391687890783,12.681685067632898
2021-01-08 00:00:00-05:00,13.243135452270508,292528000,13.108375733377711,13.146721018645705,-0.038345285267993745,-0.05603722167744174,48.86236632391179,13.520707634636633,12.704881354621179
2021-01-11 00:00:00-05:00,13.587017059326172,518344000,13.182012860446704,13.179335540177592,0.002677320269112826,-0.04429431328813083,55.61804504714683,13.595723596584376,12.69462617300791
2021-01-12 00:00:00-05:00,13.450611114501953,291476000,13.223335668762896,13.199430027164581,0.023905641598314986,-0.030654322310841666,52.39250798892651,13.631921915467323,12.705458303038537
2021-01-13 00:00:00-05:00,13.497492790222168,210028000,13.265513687448939,13.221508750354031,0.044004937094907604,-0.015722470429691812,53.985832414072824,13.66400300350773,12.695620524019127
2021-01-14 00:00:00-05:00,13.166831970214844,283120000,13.25033188479754,13.21745861849187,0.032873266305669446,-0.006003323082619561,52.94529414019537,13.651055173243059,12.692583914433943
2021-01-15 00:00:00-05:00,12.826945304870605,277780000,13.185195487885704,13.188531706371776,-0.003336218486072795,-0.005469902163310208,48.118580833198,13.655589186309271,12.649846757294245
2021-01-19 00:00:00-05:00,12.992277145385742,226188000,13.15551574288571,13.173994331483922,-0.018478588598211942,-0.008071639450290555,51.72062344608021,13.639163920497108,12.634752133274866
2021-01-20 00:00:00-05:00,13.331914901733398,258572000,13.182654075016124,13.185692151502401,-0.003038076486276964,-0.007064926857487837,55.36575095159991,13.649525292988272,12.633742014293222
2021-01-21 00:00:00-05:00,13.832392692565918,337780000,13.282613862331477,13.233595895284884,0.049017967046593114,0.004151651923328354,58.51869338905853,13.760126802313955,12.576529958855478
2021-01-22 00:00:00-05:00,13.677786827087402,246820000,13.343409703063157,13.266498927270256,0.07691077579290173,0.01870347669724303,57.644462368507874,13.823757448705283,12.5562145323433
2021-01-25 00:00:00-05:00,13.618688583374023,251112000,13.38576030003406,13.29258704994461,0.09317325008944977,0.033597431375684376,56.27438859440119,13.87509983240686,12.569109743246216
2021-01-26 00:00:00-05:00,13.401239395141602,163980000,13.388141699281373,13.300635371811053,0.0875063274703205,0.044379210594611605,50.36070624342233,13.88968418411415,12.598563878019638
2021-01-27 00:00:00-05:00,12.88504695892334,371272000,13.31074250845706,13.269851044930482,0.04089146352657913,0.04368166118100511,53.83348731388779,13.888438924898901,12.601579728970728
2021-01-28 00:00:00-05:00,13.017960548400879,228316000,13.265699129986878,13.251192489631993,0.014506640354884581,0.03784665701578101,45.6386221454211,13.883765775528273,12.61700050178496
2021-01-29 00:00:00-05:00,12.956863403320312,271552000,13.218185941268946,13.229390335090388,-0.011204393821442338,0.02803644684833634,45.72028272726651,13.886848176741474,12.59835718748582
2021-02-01 00:00:00-05:00,13.203493118286133,217204000,13.215925506963897,13.227472022734517,-0.011546515770620047,0.020119854324545064,44.0946687937297,13.887900983388707,12.61545862049313
2021-02-02 00:00:00-05:00,13.522429466247559,220440000,13.263079962238306,13.249320722254001,0.013759239984304727,0.018847731456497,51.046976077499615,13.915634438775312,12.631938078619706
2021-02-03 00:00:00-05:00,13.496246337890625,245408000,13.298951712338663,13.267611508597454,0.03134020374120894,0.021346225913439387,49.98171875074307,13.928317079014171,12.63179854445995
2021-02-04 00:00:00-05:00,13.629658699035645,201340000,13.349829710292045,13.294429819000284,0.055399891291761705,0.028156958989103854,57.204982019798265,13.908615350631926,12.756209516616607
2021-02-05 00:00:00-05:00,13.556591033935547,169152000,13.381639144698738,13.313849168254748,0.06778997644398999,0.03608356248008108,62.38773404022096,13.929408280037865,12.760054000235574
2021-02-08 00:00:00-05:00,14.402196884155273,434624000,13.538648027692052,13.394467517580713,0.14418051011133848,0.05770295200633256,69.44552153016907,14.151650642848542,12.653717780613372
2021-02-09 00:00:00-05:00,14.227143287658691,287560000,13.644570375379226,13.456147204253156,0.18842317112607,0.08384699583028005,62.93412396443924,14.266907851258322,12.602473195036845
2021-02-10 00:00:00-05:00,14.726871490478516,485352000,13.811078239240656,13.55027492915874,0.2608033100819167,0.11923825868060739,62.926093805341445,14.511868768929297,12.485138314963525
2021-02-11 00:00:00-05:00,15.212142944335938,450828000,14.02662665540916,13.673376263616309,0.35325039179285156,0.16604068530305624,70.23875325710424,14.854741615639927,12.313730483664273
2021-02-12 00:00:00-05:00,14.923375129699707,374756000,14.164587959146168,13.765968772215079,0.39861918693108933,0.21255638562866286,66.22619940843519,15.058628140290939,12.285498274961746
2021-02-16 00:00:00-05:00,15.291441917419434,321960000,14.337950106572825,13.878966782970958,0.458983323601867,0.2618417732233037,72.65926654720566,15.298732990625844,12.291843085881723
2021-02-17 00:00:00-05:00,14.868263244628906,274756000,14.419536743196836,13.952248002353027,0.46728874084380934,0.30293116674740483,74.31656353681862,15.415495583433227,12.362679102998658
2021-02-18 00:00:00-05:00,14.791458129882812,233868000,14.476755418071601,14.014411715503382,0.46234370256821933,0.33481367391156774,72.04853400398893,15.51563076769996,12.408498241546866
2021-02-19 00:00:00-05:00,14.888712882995605,271724000,14.540133489598372,14.07917476494725,0.4609587246511211,0.3600426840594784,73.80320139616613,15.620824765420066,12.408936262869728
2021-02-22 00:00:00-05:00,14.319406509399414,325884000,14.506175492644687,14.096969708980744,0.40920578366394267,0.3698753039803713,62.73688170413756,15.65018460671639,12.443738389804604
2021-02-23 00:00:00-05:00,14.106201171875,391780000,14.444640981757043,14.097653521046984,0.3469874607100589,0.3652977353263088,56.82788760452999,15.661917876751446,12.480756378619649
2021-02-24 00:00:00-05:00,14.462292671203613,448320000,14.447356626287284,14.124663828465994,0.3226927978212899,0.35677674782530505,60.489522727456304,15.691470374496115,12.55730920848118
2021-02-25 00:00:00-05:00,13.273813247680664,824436000,14.266811491117036,14.061637859518934,0.2051736315981021,0.3264561245798645,46.856423711127064,15.654821172103576,12.63283503974945
2021-02-26 00:00:00-05:00,13.679781913757324,500932000,14.17649924844631,14.033352233906962,0.1431470145393483,0.28979430257176125,51.02782687599987,15.611131663337156,12.742706685051514
2021-03-01 00:00:00-05:00,13.806710243225098,353184000,14.119608632258432,14.016563938300898,0.1030446939575338,0.2524443808489158,44.3546201192304,15.547884524851028,12.890938507528123
2021-03-02 00:00:00-05:00,13.372309684753418,264116000,14.004639563411507,13.968841401001084,0.03579816241042266,0.20911513716121718,42.27576700470818,15.53105155859243,12.924653130433448
2021-03-03 00:00:00-05:00,12.772334098815918,377592000,13.815054107319877,13.88021123046885,-0.06515712314897293,0.15426068509917917,32.653165210941,15.616408672002203,12.764286480280512
2021-03-04 00:00:00-05:00,12.338932991027832,573344000,13.587958550967254,13.766042471991739,-0.17808392102448423,0.0877917638744465,24.262831897567267,15.757213751368631,12.507750066227803
2021-03-05 00:00:00-05:00,12.429953575134277,542840000,13.409803939300643,13.667072924076372,-0.25726898477572924,0.018779614144411354,26.844509548995504,15.856202808405985,12.288790496800313
2021-03-08 00:00:00-05:00,11.563899993896484,543112000,13.125818716930773,13.51128233665564,-0.38546361972486665,-0.06206903262944425,18.3143673502873,16.072535962410324,11.87318823879207
2021-03-09 00:00:00-05:00,12.492864608764648,521824000,13.028441161828292,13.435843986441492,-0.4074028246132002,-0.13113579102619546,31.406916415154512,16.066592925976966,11.688198047686363
2021-03-10 00:00:00-05:00,12.44097900390625,384376000,12.938062368301823,13.362150284031474,-0.42408791572965043,-0.18972621596688646,31.529917017659713,16.061328891622747,11.51484565366534
2021-03-11 00:00:00-05:00,12.965080261230469,299916000,12.942218967213922,13.332737689749917,-0.3905187225359956,-0.2298847172807083,35.83435761797392,15.956546531282969,11.443448891080314
2021-03-12 00:00:00-05:00,12.827879905700684,243964000,12.92462834236573,13.295340816857381,-0.37071247449165057,-0.25805026872289677,38.269876563543704,15.751248031062374,11.410321087437381
2021-03-15 00:00:00-04:00,13.162396430969238,221988000,12.961208048304732,13.28549308456937,-0.324285036264639,-0.27129722223124525,42.71641816968664,15.57495495544211,11.4105162931846
2021-03-16 00:00:00-04:00,13.26218032836914,272128000,13.007511476006949,13.283766213739725,-0.276254737732776,-0.2722887253315514,40.35694969756871,15.294521493628984,11.488023596092695
2021-03-17 00:00:00-04:00,13.3120698928833,243864000,13.054366617064849,13.285862782565175,-0.23149616550032626,-0.2641302133653064,50.376238849533536,15.085163119839644,11.541762634707476
2021-03-18 00:00:00-04:00,12.694673538208008,293896000,12.999029220317643,13.242070986686867,-0.24304176636922392,-0.25991252396608994,40.69865884544117,14.855853111676817,11.561394183702822
2021-03-19 00:00:00-04:00,12.817652702331543,299208000,12.971125140627475,13.21063259525314,-0.2395074546256648,-0.2558315100980049,40.65440149716722,14.556326155808646,11.653815121504588
2021-03-22 00:00:00-04:00,13.15740966796875,297804000,12.999784298679979,13.206690156195037,-0.20690585751505886,-0.24604637958141573,47.93243110076374,14.381909641653655,11.71203195151651
2021-03-23 00:00:00-04:00,13.042160034179688,222048000,13.006303642603012,13.194502739749456,-0.18819909714644467,-0.23447692309442153,52.863057388649764,14.232294021401309,11.755243457999327
2021-03-24 00:00:00-04:00,12.615345001220703,245840000,12.946156159313425,13.151602166525103,-0.2054460072116786,-0.22867073991787296,52.93704563238609,13.937844288809544,11.864998423592802
2021-03-25 00:00:00-04:00,12.507832527160645,295144000,12.878721754366843,13.10391552657218,-0.22519377220533698,-0.22797534637536576,50.82462113393838,13.898213923003677,11.828030717346664
2021-03-26 00:00:00-04:00,12.811166763305664,363968000,12.868328678818969,13.082230432996882,-0.2139017541779129,-0.2251606279358752,64.99340124986472,13.780750337216404,11.858632788088773
2021-03-29 00:00:00-04:00,12.919927597045898,273520000,12.876266973930804,13.070208000704216,-0.19394102677341252,-0.21891670770338267,56.394724831823744,13.61937582269874,11.931329037988515
2021-03-30 00:00:00-04:00,12.843597412109375,200204000,12.871240887496738,13.053422031178673,-0.1821811436819356,-0.21156959489909327,55.98488581572309,13.546030840527997,11.951802792894853
2021-03-31 00:00:00-04:00,13.31905460357666,314776000,12.940135305355188,13.073098518022968,-0.13296321266778044,-0.1958483184528307,55.33900784548725,13.61324868605386,11.939256997845066
2021-04-01 00:00:00-04:00,13.781540870666504,308276000,13.069582315403082,13.125575729329897,-0.05599341392681545,-0.16787733754762768,63.09877294216706,13.77096191018949,11.925804561673305
2021-04-05 00:00:00-04:00,13.956907272338867,255672000,13.206093847239357,13.187155843626858,0.018938003612499088,-0.13051426931560234,61.41171881014198,13.948668827730808,11.900793013852445
2021-04-06 00:00:00-04:00,13.831180572509766,191744000,13.302261035742497,13.234861379099666,0.06739965664283076,-0.09093148412391572,58.11220910312121,13.919826986283363,12.156362913161216
2021-04-07 00:00:00-04:00,14.112565040588379,251284000,13.42692319033417,13.299876465135867,0.12704672519830318,-0.04733584225947194,60.70594057385412,14.083601390948353,12.154558551678601
2021-04-08 00:00:00-04:00,14.285685539245605,244416000,13.559040474782083,13.372899359514367,0.18614111526771637,-0.0006404507540342753,74.14809876261579,14.252562826313493,12.170067769847396
2021-04-09 00:00:00-04:00,14.368502616882324,195172000,13.683573112028274,13.446647748949031,0.2369253630792425,0.04687271201262108,73.82903648390037,14.435874296813084,12.12709853491299
2021-04-12 00:00:00-04:00,15.175732612609863,869324000,13.91313611211775,13.574728109220205,0.3384080028975447,0.10517977018960581,77.11639923523417,14.808372668726344,11.989385433690648
2021-04-13 00:00:00-04:00,15.6452054977417,676212000,14.179608325290666,13.728096804666242,0.45151152062442357,0.17444612027656936,81.93282747605703,15.247062162236423,11.798976846857814
2021-04-14 00:00:00-04:00,15.243585586547852,385500000,14.343297134714849,13.840355232953769,0.5029419017610799,0.24014527657347148,82.44245514060191,15.503553189097179,11.740626345814931
2021-04-15 00:00:00-04:00,16.101959228515625,598480000,14.613860533761121,14.00788145484724,0.6059790789138813,0.31331203704155347,87.42727744181053,15.936997708748057,11.586170759727283
2021-04-16 00:00:00-04:00,15.877694129943848,335208000,14.808296471635387,14.146386097446989,0.6619103741883983,0.38303170447092244,82.46781427466782,16.22916624758214,11.612304280066787
2021-04-19 00:00:00-04:00,15.328149795532227,404420000,14.888273906081055,14.233924149157007,0.6543497569240486,0.4372953149615477,73.32104790504326,16.37507049362696,11.717449743342033
2021-04-20 00:00:00-04:00,15.138065338134766,334132000,14.926703357166241,14.300897570562766,0.6258057866034754,0.4749974092899333,71.74047879721294,16.483388530404888,11.807197273580707
2021-04-21 00:00:00-04:00,15.326903343200684,216776000,14.988272585786925,14.376897998165575,0.6113745876213503,0.5022728449562167,70.11739547541059,16.593944523831706,11.925115611055988
2021-04-22 00:00:00-04:00,14.817770004272461,277788000,14.962041419400084,14.409555183803121,0.5524862355969624,0.5123155230843659,60.28622099937273,16.58209626465059,12.157206370542282
2021-04-23 00:00:00-04:00,15.231860160827637,227500000,15.003551995004322,14.470466663582714,0.5330853314216082,0.5164694847518144,62.0832567331764,16.565840109117055,12.445865289442514
2021-04-26 00:00:00-04:00,15.444146156311035,197796000,15.071335712128432,14.54259107045148,0.528744641676953,0.5189245161368422,65.03997963980888,16.5743280898127,12.700675248047409
2021-04-27 00:00:00-04:00,15.348105430603027,164572000,15.113915668816832,14.602258800833075,0.5116568679837563,0.517470986506225,61.93316987172992,16.54061603636418,12.97720508485164
2021-04-28 00:00:00-04:00,15.243334770202637,209416000,15.133826299799264,14.649745909675266,0.4840803901239976,0.5107928672297796,59.372974506787735,16.425170285196177,13.332624571828969
2021-04-29 00:00:00-04:00,15.291232109069824,173196000,15.158042578148581,14.697263405926714,0.4607791722218675,0.5007901282281971,59.093356069730966,16.346293307661437,13.608719299913027
2021-04-30 00:00:00-04:00,14.976668357849121,201912000,15.130138851948665,14.717960069032078,0.4121787829165875,0.48306785916587525,47.827274494921,16.285229086582923,13.789296269709801
2021-05-03 00:00:00-04:00,14.804298400878906,203912000,15.080009551784087,14.724355501020732,0.35565405076335566,0.45758509748537135,40.185210456612474,16.226614243258275,13.932650225888452
2021-05-04 00:00:00-04:00,14.319859504699707,405324000,14.963063390694183,14.694392834626582,0.26867055606760104,0.41980218920181733,39.42305571334755,16.155944641520886,14.05218772084484
2021-05-05 00:00:00-04:00,14.426876068115234,292024000,14.880573033374345,14.674576777847964,0.20599625552638123,0.3770410024667301,26.833665791074452,16.11727351003433,14.122289955084076
2021-05-06 00:00:00-04:00,14.49123477935791,193380000,14.82067484044874,14.660995889070923,0.15967895137781696,0.33356859224894747,29.937978916364273,16.095072863111888,14.16504552601775
2021-05-07 00:00:00-04:00,14.779852867126465,229328000,14.814394536860698,14.66980010966763,0.14459442719306814,0.2957737592377716,41.418128222879595,16.063419951279194,14.23783346287486
2021-05-10 00:00:00-04:00,14.234549522399902,268904000,14.725187611559038,14.637559325425576,0.0876282861334623,0.25414466461690977,37.273441179402155,16.1037712663399,14.103363838793154
2021-05-11 00:00:00-04:00,14.274957656860352,285584000,14.655921464682317,14.610699942568893,0.04522152211342423,0.21236003611621268,34.53610343088228,16.06628122857577,14.00382909246915
2021-05-12 00:00:00-04:00,13.728404998779297,303408000,14.51322662377416,14.54534476154744,-0.03211813777327954,0.16346440133831425,34.16028935972892,16.138085904117794,13.780506358150271
2021-05-13 00:00:00-04:00,13.635361671447754,285404000,14.378170477262406,14.47793860672524,-0.09976812946283431,0.11081789517808455,24.39595217294483,16.02744994897341,13.644482557587871
2021-05-14 00:00:00-04:00,14.211848258972168,258616000,14.352582443679292,14.458228210595383,-0.10564576691609062,0.06752516275924952,32.30407307140722,15.868005660664087,13.637342258800023
2021-05-17 00:00:00-04:00,14.134514808654785,216980000,14.319033576752446,14.434249440081265,-0.11521586332881917,0.030976957541635788,32.47857293134196,15.806407335045026,13.57957708573134
2021-05-18 00:00:00-04:00,13.98509407043457,186256000,14.267658268088157,14.400978671959288,-0.13332040387113153,-0.0018825147409176762,32.065161096153645,15.77090336889504,13.499783925111307
2021-05-19 00:00:00-04:00,14.034984588623047,344000000,14.231862317401218,14.373867999119566,-0.1420056817183486,-0.029907148136403862,32.1037405405053,15.687493821076707,13.454001597471876
2021-05-20 00:00:00-04:00,14.580538749694824,321592000,14.285504845446388,14.389176943606623,-0.10367209816023504,-0.0446601381411701,44.70527529835503,15.669608134444465,13.448164158646355
2021-05-21 00:00:00-04:00,14.958958625793457,672992000,14.389113119345938,14.43138299413898,-0.04226987479304256,-0.04418208547154459,51.95928929023017,15.627493208989685,13.462988930597716
2021-05-24 00:00:00-04:00,15.577853202819824,554816000,14.57199620911115,14.516306713300525,0.055689495810625544,-0.024207769215110565,65.41167607652574,15.658927551274138,13.444925292964145
2021-05-25 00:00:00-04:00,15.613524436950684,435408000,14.732231321086463,14.597582100237574,0.13464922084888897,0.0075636287976893445,64.79627886888687,15.717811024223943,13.412583720649105
2021-05-26 00:00:00-04:00,15.665660858154297,370440000,14.875835865250744,14.676699045268442,0.19913681998230182,0.04587826703461184,64.68865035101996,15.80482814607268,13.367799207595532
2021-05-27 00:00:00-04:00,15.454123497009277,581476000,14.964803193213596,14.73428604169369,0.2305171515199067,0.08280604393167082,58.59895959769424,15.83479354796512,13.354122944497039
2021-05-28 00:00:00-04:00,16.208969116210938,644536000,15.156213335213186,14.843521824991264,0.31269151022192254,0.12878313718972118,73.90225830055857,16.08451983900397,13.227626729294368
2021-06-01 00:00:00-04:00,16.228927612304688,472804000,15.32124630091957,14.946144475903369,0.37510182501620193,0.17804687475501732,73.77239881375047,16.31956262804076,13.13504686140016
2021-06-02 00:00:00-04:00,16.741552352905273,594168000,15.539754924301986,15.079137651977584,0.4606172723244022,0.2345609542688943,86.96372131244203,16.66298265947289,13.033796114788586
2021-06-03 00:00:00-04:00,16.932632446289062,580008000,15.75404377383846,15.216433562667323,0.5376102111711365,0.2951708056493428,89.49911609529126,16.99945900102983,12.947895411049029
2021-06-04 00:00:00-04:00,17.539798736572266,617120000,16.028775306566736,15.38853468666028,0.6402406199064554,0.3641847685007653,89.57573910019863,17.437657779921835,12.814553027878457
2021-06-07 00:00:00-04:00,17.580461502075195,575756000,16.267496259721884,15.550899635950275,0.7165966237716095,0.4346671395549342,91.33949199612569,17.816362076996388,12.715909594298779
2021-06-08 00:00:00-04:00,17.4188175201416,323848000,16.444622607478763,15.68926392366815,0.7553586838106128,0.49880544840606994,91.07240064081942,18.099012046177084,12.751686424892252
2021-06-09 00:00:00-04:00,17.32425308227539,381656000,16.57995037283209,15.810374231713132,0.769576141118959,0.5529595869486478,88.92846517209325,18.322100735116198,12.833527278494643
2021-06-10 00:00:00-04:00,17.390871047973633,287772000,16.704707399776943,15.92744806995465,0.777259329822293,0.5978195355233769,87.51287304460203,18.47421654884161,13.04765806968866
2021-06-11 00:00:00-04:00,17.79033851623535,416308000,16.871727571539775,16.06543995486433,0.8062876166754442,0.6395131517537904,87.58264552257793,18.63252414007182,13.304848162937216
2021-06-14 00:00:00-04:00,17.983457565307617,321376000,17.042762955196366,16.207515333415685,0.835247621780681,0.6786600457591686,86.00022892093465,18.831420829222775,13.483112404419801
2021-06-15 00:00:00-04:00,17.753658294677734,243032000,17.15213146896273,16.32204444165732,0.8300870273054102,0.7089454420684169,80.26871679717374,18.924412211972687,13.752035370272191
2021-06-16 00:00:00-04:00,17.77536392211914,307124000,17.248013384832944,16.42969773650634,0.8183156483266032,0.7308194833200542,80.0973975263412,18.937349836094636,14.118124731318693
2021-06-17 00:00:00-04:00,18.620710372924805,809656000,17.45919753684708,16.591994968833635,0.8672025680134432,0.758096100258732,88.2567190496721,19.03713813167239,14.476909014171117
2021-06-18 00:00:00-04:00,18.602243423461914,968856000,17.635050750172436,16.74090226176906,0.8941484884033741,0.7853065778876605,85.17220791088413,19.137144135992884,14.77907347722733
2021-06-21 00:00:00-04:00,18.391159057617188,672384000,17.751375105163937,16.86314350590596,0.8882315992579777,0.805891582161724,80.08657342286153,19.18280162849321,15.07663602790938
2021-06-22 00:00:00-04:00,18.849756240844727,580144000,17.920356818345596,17.010300004790313,0.9100568135552827,0.8267246284404358,79.78259604316392,19.34716438131689,15.239463578888188
2021-06-23 00:00:00-04:00,19.01992416381836,332356000,18.089521025341405,17.159161053607207,0.9303599717341982,0.8474516970991883,79.662431017098,19.49580904424692,15.431458888644926
2021-06-24 00:00:00-04:00,19.16788101196289,320924000,18.25542256174471,17.307955124596518,0.947467437148191,0.867454845108989,76.60960582379721,19.621550920062216,15.655939028210486
2021-06-25 00:00:00-04:00,18.993722915649414,278364000,18.3690072315762,17.432826812822658,0.9361804187535441,0.8811999598379,72.1327301880886,19.599374265253513,16.03207562488321
2021-06-28 00:00:00-04:00,19.94585609436035,495436000,18.611599364312223,17.618977129973597,0.9926222343386257,0.9034844147380452,81.72133219941618,19.858952391228136,16.146186196723527
2021-06-29 00:00:00-04:00,19.987524032592773,367632000,18.823280082509232,17.79442504868613,1.0288550338231026,0.9285585385550568,83.88136870615058,20.051859094017797,16.329139135962674
2021-06-30 00:00:00-04:00,19.96332550048828,326568000,18.99867168527524,17.955084341412213,1.0435873438630274,0.9515642996166509,83.08309167699767,20.242375142629022,16.460800402109747
2021-07-01 00:00:00-04:00,20.172412872314453,480136000,19.17924725251204,18.119330899256823,1.0599163532552183,0.9732347103443644,82.21205654332184,20.447145958359517,16.580007628981793
2021-07-02 00:00:00-04:00,20.446870803833008,342764000,19.374266260407573,18.291741262558762,1.082524997848811,0.9950927678452538,82.59494022291608,20.717320405066292,16.600540389001093
2021-07-06 00:00:00-04:00,20.657958984375,446708000,19.571757448710255,18.467016649359966,1.1047407993502887,1.0170223741462607,88.61982241917353,20.988512070642972,16.637098471654394
2021-07-07 00:00:00-04:00,20.331851959228516,418428000,19.688695065713063,18.60515259823912,1.0835424674739436,1.0303263928117974,81.44884649208016,21.13125959154008,16.785654394665976
2021-07-08 00:00:00-04:00,19.863767623901367,503300000,19.71562930543434,18.698383340880767,1.0172459645535739,1.0277103071601528,66.85612957690526,21.150255693947003,17.02060974642165
2021-07-09 00:00:00-04:00,20.0109806060791,296624000,19.761067967071995,18.795612767932496,0.9654551991394982,1.0152592855560219,68.4582872657551,21.1573249737119,17.275551422467295
2021-07-12 00:00:00-04:00,20.47232437133789,321984000,19.87049202926675,18.919813627444007,0.9506784018227421,1.002343108809366,75.59064905726932,21.2466434384289,17.45443154326055
2021-07-13 00:00:00-04:00,20.21034049987793,290708000,19.92277640936078,19.01540821058726,0.9073681987735185,0.9833481268021965,67.580207116487,21.279901826942147,17.643861448204337
2021-07-14 00:00:00-04:00,19.80263900756836,380100000,19.904293732161946,19.07372160295623,0.8305721292057164,0.9527929272829005,59.52861267998733,21.198689404079236,17.929971942356314
2021-07-15 00:00:00-04:00,18.92909812927246,550564000,19.754263639409718,19.06300875305373,0.6912548863559884,0.9004853190975182,47.529542052308805,21.060175811839844,18.183858955311035
2021-07-16 00:00:00-04:00,18.125431060791016,688224000,19.503674011929917,18.993558553626862,0.5101154583030549,0.8224113469386256,42.05192043452679,21.12243249079291,18.072074345144593
2021-07-19 00:00:00-04:00,18.74296760559082,749060000,19.386642257108516,18.974996261179747,0.4116459959287688,0.7402582767366543,38.270631383956136,21.111331512788542,18.09724774136185
2021-07-20 00:00:00-04:00,18.575551986694336,434687000,19.261859138583258,18.94540779640305,0.31645134218020843,0.6554968898253651,36.561415789374315,21.091274138502808,18.1357444085553
2021-07-21 00:00:00-04:00,19.37198257446289,371017000,19.278801205641663,18.977005928111186,0.3017952775304771,0.5847565673663876,45.0931254312828,21.07850745280954,18.200733727610384
2021-07-22 00:00:00-04:00,19.555622100830078,323826000,19.321389035670652,19.019866385349623,0.3015226503210293,0.528109783957316,44.860256631142484,21.076374627246736,18.25643634687436
2021-07-23 00:00:00-04:00,19.519691467285156,195672000,19.351897102072883,19.056890465492994,0.29500663657988824,0.4814891544818305,41.953918539609454,21.076447196446946,18.291544823206376
2021-07-26 00:00:00-04:00,19.256208419799805,203943000,19.337175766338564,19.07165475840461,0.2655210079339554,0.4382955251722555,37.94520201912507,21.066941772018037,18.327298798050325
2021-07-27 00:00:00-04:00,19.170377731323242,248863000,19.31151453018236,19.078967571213397,0.23254695896896393,0.3971458119315972,39.58095006051787,21.04235060211576,18.274342131648886
2021-07-28 00:00:00-04:00,19.464801788330078,202191000,19.33509718528201,19.10754788359241,0.2275493016895993,0.36322650988319766,46.30596818554769,21.00976807280712,18.25465243653126
2021-07-29 00:00:00-04:00,19.623489379882812,190781000,19.379465215220595,19.145765772206513,0.23369944301408196,0.33732109650937453,46.41981922604499,20.98393476188446,18.246502135393374
2021-07-30 00:00:00-04:00,19.4608097076416,183497000,19.391979752516136,19.16910236001652,0.22287739249961547,0.31443235570742273,40.10830918815112,20.924150185755664,18.235126395054884
2021-08-02 00:00:00-04:00,19.711315155029297,217444000,19.441108275979698,19.209266270758206,0.23184200522149112,0.2979142856102364,45.10900715273564,20.826344875919055,18.25937614001112
2021-08-03 00:00:00-04:00,19.77619171142578,301811000,19.492659573740635,19.251260747844693,0.24139882589594208,0.2866111936673776,49.72211333350969,20.677259198079433,18.32028509055582
2021-08-04 00:00:00-04:00,20.234291076660156,231309000,19.606756728035947,19.32407780923843,0.28267891879751517,0.28582473869340513,65.02568408552843,20.658588861284358,18.32919933909406
2021-08-05 00:00:00-04:00,20.59657859802246,211435000,19.75903701572618,19.418337126926136,0.3406998888000423,0.29679976871473257,81.66654527269893,20.786735859983324,18.2743334378072
2021-08-06 00:00:00-04:00,20.326112747192383,178497000,19.846279435951747,19.485579765464376,0.36069967048737084,0.3095797490692602,72.26798503634674,20.83534213669172,18.25724037521013
2021-08-09 00:00:00-04:00,20.255250930786133,146443000,19.90919812746473,19.5425924443771,0.36660568308763075,0.32098493587293436,74.28572374074372,20.79497620189154,18.27589896595514
2021-08-10 00:00:00-04:00,19.896955490112305,179238000,19.907314644795125,19.568841558876002,0.33847308591912295,0.3244825658821721,58.6914111223739,20.751444043535294,18.288092623334826
2021-08-11 00:00:00-04:00,19.660419464111328,185925000,19.86933077084377,19.575625107411952,0.2937056634318189,0.3183271853921015,51.70515132969776,20.739087744605005,18.286226967919408
2021-08-12 00:00:00-04:00,19.866012573242188,151652000,19.868820278905066,19.597135290066042,0.2716849888390236,0.3089987460814859,55.340133053344864,20.763448584928742,18.355557571992644
2021-08-13 00:00:00-04:00,20.14845848083496,183063000,19.911841540740433,19.637974044937813,0.2738674958026195,0.30197249602571263,63.67814962702016,20.683625008703515,18.637683890222263
2021-08-16 00:00:00-04:00,19.910926818847656,210876000,19.91170081429539,19.658192768931134,0.2535080453642564,0.2922796058934214,60.84802466769523,20.650718412326228,18.78738640792524
2021-08-17 00:00:00-04:00,19.419889450073242,204585000,19.836037527491982,19.640540671237957,0.19549685625402446,0.272923055965542,49.37792879639908,20.53847985342671,18.984058713162643
2021-08-18 00:00:00-04:00,19.002710342407227,285913000,19.70783334517125,19.59329398021346,0.11453936495778905,0.2412463177639914,41.976271020973265,20.574584578310258,18.91102676507353
2021-08-19 00:00:00-04:00,19.759225845336914,766555000,19.715739883658273,19.605585229481864,0.11015465417640868,0.21502798504647488,53.343799984099135,20.58008935511606,18.92588236271841
2021-08-20 00:00:00-04:00,20.775232315063477,675741000,19.878738719259072,19.692225754339763,0.18651296491930935,0.20932498102104177,60.17570545056127,20.751736171468806,18.879789631143495
2021-08-23 00:00:00-04:00,21.914993286132812,575807000,20.192008652624263,19.856875201139246,0.3351334514850173,0.2344866751138369,66.96756976939136,21.23845352533345,18.658950763912156
2021-08-24 00:00:00-04:00,21.750316619873047,297299000,20.431748339893307,19.997130121045455,0.43461821884785223,0.27451298386064,62.614218224892944,21.54371050969041,18.611687668410173
2021-08-25 00:00:00-04:00,22.16948890686035,347701000,20.699093042503623,20.158045586661373,0.54104745584225,0.327819878256962,62.96480411725421,21.920059375402815,18.505807514550796
2021-08-26 00:00:00-04:00,22.024778366088867,237940000,20.903044630747505,20.296322088841187,0.6067225419063185,0.38360041098683334,64.29775497360681,22.19620696799231,18.46978882058191
2021-08-27 00:00:00-04:00,22.59166145324707,304722000,21.162831834208976,20.466347226945327,0.696484607263649,0.4461772502421965,68.1501367018146,22.558895349539746,18.420185613595017
2021-08-30 00:00:00-04:00,22.643564224243164,262580000,21.39063681729116,20.6276225600785,0.7630142572126601,0.5095446516362893,72.40318495516294,22.88137569272847,18.390930177327682
2021-08-31 00:00:00-04:00,22.34510040283203,259850000,21.537477368912832,20.754843141023205,0.782634227889627,0.5641625668869569,71.67904783496923,23.0949867898512,18.43420994934558
2021-09-01 00:00:00-04:00,22.400997161865234,201767000,21.670326567828585,20.876780475900393,0.7935460919281923,0.610039271895204,70.977390300785,23.299007730884917,18.44685961683237
2021-09-02 00:00:00-04:00,22.356075286865234,187834000,21.7758263707573,20.986357869305195,0.7894685014521059,0.6459251178065845,69.0159047064827,23.47094156762279,18.450875448978774
2021-09-03 00:00:00-04:00,22.80228042602539,280532000,21.933742379260085,21.12087065128447,0.8128717279756152,0.6793144398403906,74.0411923933571,23.70477626750791,18.464657516976956
2021-09-07 00:00:00-04:00,22.621606826782227,198107000,22.039567678878875,21.232036293913932,0.8075313849649426,0.7049578288653011,78.07062078302394,23.878514486431023,18.52755488765345
2021-09-08 00:00:00-04:00,22.299179077148438,254434000,22.07950789399727,21.311083907486857,0.7684239865104132,0.7176510603943236,79.38963126815065,23.967248280711836,18.67904345207625
2021-09-09 00:00:00-04:00,22.137466430664062,196856000,22.08842459194601,21.372297427722206,0.7161271642238027,0.7173462811602195,73.71877131703464,23.993419410355614,18.90057701908775
2021-09-10 00:00:00-04:00,22.437931060791016,248376000,22.142194817922164,21.45123325239397,0.6909615655281947,0.7120693380338146,69.3432765741973,24.044428655222077,19.106759622976163
2021-09-13 00:00:00-04:00,22.112518310546875,297500000,22.137629201402888,21.500217330775666,0.637411870627222,0.697137844552496,52.83513198311405,24.0584245736728,19.289169687496635
2021-09-14 00:00:00-04:00,22.202356338500977,199755000,22.147587222494902,21.552227627644207,0.5953595948506951,0.6767821946121358,56.63070403825569,24.03241377166095,19.544323441473814
2021-09-15 00:00:00-04:00,22.301177978515625,166538000,22.171216569575012,21.60770543141246,0.5635111381625535,0.6541279833222194,52.13203991904529,23.887612260049792,19.97725380592921
2021-09-16 00:00:00-04:00,22.202356338500977,156033000,22.17600730325593,21.65175364675235,0.5242536565035785,0.6281531179584913,52.9183420913061,23.479243931416022,20.705586734172357
2021-09-17 00:00:00-04:00,21.860960006713867,294503000,22.127538488403303,21.667250414156907,0.46028807424639595,0.5945801092160723,37.03031624391123,23.058905849663176,21.336098232062895
2021-09-20 00:00:00-04:00,21.07536506652832,349440000,21.96566565426869,21.623407055073308,0.3422585991953824,0.5441158072119343,27.916740976941966,22.974281501519126,21.450735855353432
2021-09-21 00:00:00-04:00,21.208126068115234,204688000,21.849121102552775,21.592645500483822,0.2564756020689529,0.48658776618333804,33.205442308732586,23.05396580105231,21.30036483401849
2021-09-22 00:00:00-04:00,21.901885986328125,268726000,21.857238776979752,21.615552203138957,0.24168657384079495,0.43760752771482947,43.79648875925034,23.048533587695935,21.32095398402037
2021-09-23 00:00:00-04:00,22.441923141479492,248555000,21.94719021767202,21.676764865238255,0.2704253524337652,0.4041710926586166,50.95008010740091,23.069701844801045,21.32702915037718
2021-09-24 00:00:00-04:00,22.04163932800293,217655000,21.96172085003062,21.703792603220823,0.2579282468097972,0.37492252348885274,41.495526565296956,23.069870094258064,21.328546997111566
2021-09-27 00:00:00-04:00,21.621387481689453,245215000,21.909361870285824,21.697688520144425,0.21167335014139965,0.3422726888193621,39.38553015573062,23.03726494955407,21.264124744659796
2021-09-28 00:00:00-04:00,20.662099838256836,343069000,21.717475403819826,21.620978247412012,0.09649715640781409,0.29311758233705254,34.69574287879463,23.128675691635173,20.97456756398006
2021-09-29 00:00:00-04:00,20.48042869567871,218394000,21.52716052564427,21.536493095431766,-0.00933256978749597,0.23262755191214285,34.56675201956662,23.233153930367738,20.683622154532163
2021-09-30 00:00:00-04:00,20.6790714263916,221009000,21.396685279605396,21.472980379206568,-0.07629509960117176,0.17084302160947995,33.301692558140374,23.249656141003964,20.494927370348574
2021-10-01 00:00:00-04:00,20.705026626586914,240978000,21.290276256064093,21.416094916049556,-0.1258186599854625,0.11151068529049146,35.831922473017656,23.240948863915246,20.33852978140946
2021-10-04 00:00:00-04:00,19.696826934814453,345635000,21.045130206641073,21.288741732254362,-0.24361152561328936,0.040486243109735295,28.714332520224815,23.28092339152739,19.988009904676222
2021-10-05 00:00:00-04:00,20.4145450592041,279282000,20.948117107035383,21.22398642313953,-0.27586931610414567,-0.0227848687330409,35.4972143609305,23.187755788231318,19.86047133121448
2021-10-06 00:00:00-04:00,20.663097381591797,297202000,20.9042679185056,21.182439086728586,-0.27817116822298615,-0.07386212863102995,38.43377607117438,23.10638089884475,19.77823805104539
2021-10-07 00:00:00-04:00,21.037433624267578,256919000,20.92475495016129,21.171697941361103,-0.24694299119981267,-0.1084783011447865,43.84238069037671,23.027177068555517,19.74743860069497
2021-10-08 00:00:00-04:00,20.793865203857422,151258000,20.90461806611454,21.143710331175644,-0.23909226506110315,-0.13460109392804984,47.709530465152156,22.887027429739813,19.723181653817317
2021-10-11 00:00:00-04:00,20.658111572265625,163388000,20.866693990137783,21.107740052737864,-0.24104606260008055,-0.155890087662456,45.52689577120818,22.791580898982065,19.67318751074694
2021-10-12 00:00:00-04:00,20.634153366088867,162134000,20.830918509514873,21.07265955743053,-0.24174104791565654,-0.17306027971309612,38.42933009024906,22.66476118049373,19.643186931994062
2021-10-13 00:00:00-04:00,20.901670455932617,180652000,20.841803424348374,21.059993698060314,-0.2181902737119401,-0.18208627851286494,35.20608335372941,22.497573353171575,19.670424007057917
2021-10-14 00:00:00-04:00,21.707237243652344,243589000,20.974947088856677,21.107937664400463,-0.13299057554378635,-0.17226713791904924,47.02010932877462,22.406119326727172,19.712366124017457
2021-10-15 00:00:00-04:00,21.823026657104492,226994000,21.10542086858711,21.160907219415577,-0.05548635082846687,-0.14891098050093277,51.899920313226175,22.399567868707322,19.715124247076368
2021-10-18 00:00:00-04:00,22.182388305664062,189494000,21.27110816659895,21.23657248506361,0.03453568153533837,-0.11222164809367854,66.15063407533366,22.54624471152885,19.67914972816842
2021-10-19 00:00:00-04:00,22.250268936157227,161473000,21.421748284992532,21.311661111070546,0.11008717392198619,-0.0677598836905456,69.267551236529,22.686035658760414,19.64357306774105
2021-10-20 00:00:00-04:00,22.063602447509766,146276000,21.520495079225952,21.367360469325302,0.15313460990065053,-0.023580984972306377,65.11224893001582,22.712228949003876,19.633551423615753
2021-10-21 00:00:00-04:00,22.65155029296875,187590000,21.69450357364792,21.46248564144704,0.23201793220088263,0.027538798462331426,68.92468504259699,22.761459798881788,19.605283288886767
2021-10-22 00:00:00-04:00,22.685487747192383,249384000,21.846962677270145,21.55307839002077,0.29388428724937654,0.08080789621974045,85.84768954616355,22.890658590752537,19.54046933893496
2021-10-25 00:00:00-04:00,23.124704360961914,230235000,22.043538320915033,21.669495128609,0.3740431923060328,0.13945495543699893,84.83447968823853,23.165512646510553,19.415946971104194
2021-10-26 00:00:00-04:00,24.672937393188477,485898000,22.448061255110947,21.891972333392665,0.5560889217182812,0.2227817486932554,88.63242695931332,23.87256555776032,19.109977815347587
2021-10-27 00:00:00-04:00,24.40741539001465,245990000,22.749500352788438,22.078301448698,0.6711989040904385,0.31246517977269206,83.16311074322459,24.34908843219164,19.026153610349862
2021-10-28 00:00:00-04:00,24.896541595458984,234204000,23.07981439012237,22.2870599780877,0.7927544120346681,0.4085230262250873,88.5121005167929,24.873366059436407,18.923623000011837
2021-10-29 00:00:00-04:00,25.521427154541016,292503000,23.455447123109852,22.526642731899056,0.9288043912107966,0.5125792992222292,91.81260810730149,25.466340330870537,18.812288781373113
2021-11-01 00:00:00-04:00,25.780961990356445,265740000,23.81321864114779,22.767703417710713,1.0455152234370786,0.6191664840651991,92.52727446948273,25.93857774814129,18.94846486965656
2021-11-02 00:00:00-04:00,26.35393714904785,294112000,24.204098411593954,23.033350360772722,1.1707480508212313,0.7294827974164056,92.886364018253,26.508333551469935,18.97264827531229
2021-11-03 00:00:00-04:00,26.550582885742188,239910000,24.565096023001374,23.293886103363054,1.27120991963832,0.8378282218607885,92.13273636767279,27.03228919765948,19.037441179537787
2021-11-04 00:00:00-04:00,29.747880935668945,1153631000,25.362447548027152,23.77195979464497,1.590487753382181,0.9883601281650671,94.8785066514584,28.35178935481702,18.588985753520387
2021-11-05 00:00:00-04:00,29.698963165283203,851260000,26.029603796835776,24.210997081358915,1.8186067154768608,1.1544094456274259,94.11763388828959,29.361060431046056,18.470224473433923
2021-11-08 00:00:00-05:00,30.749088287353516,503101000,26.755678333838503,24.69530013365481,2.060378200183692,1.3356031965386792,94.72577011878681,30.4349595089786,18.40542306701017
2021-11-09 00:00:00-05:00,30.60234832763672,646746000,27.347473717499767,25.132859259134953,2.2146144583648137,1.5114054489039062,95.12551952042035,31.255785560347018,18.581416511796537
2021-11-10 00:00:00-05:00,29.40648651123047,636206000,27.66424491653526,25.44942424077166,2.214820675763601,1.6520884942758454,83.54316843168849,31.68748103172987,19.00020264594347
2021-11-11 00:00:00-05:00,30.335826873779297,332172000,28.075257525342035,25.811379991364817,2.263877533977219,1.77444630221612,84.8871056264096,32.2498490574829,19.300693583203135
2021-11-12 00:00:00-05:00,30.335826873779297,413054000,28.423037425101615,26.146524204877,2.276513220224615,1.8748596858178193,84.25644485496188,32.70072162564246,19.701101036711062
2021-11-15 00:00:00-05:00,29.971479415893555,384909000,28.661259269838837,26.429854220507856,2.2314050493309807,1.9461687585204517,78.360777712575,33.009267993384924,20.171463779991537
2021-11-16 00:00:00-05:00,30.149160385131836,264484000,28.890167133730067,26.705358380850374,2.184808752879693,1.9938967573923,81.02479074461279,33.24999674353171,20.72062417474221
2021-11-17 00:00:00-05:00,29.208843231201172,428508000,28.9391942256487,26.89080170309858,2.0483925225501167,2.0047959104238635,72.21766251143367,33.229007619903676,21.45613737673939
2021-11-18 00:00:00-05:00,31.61853790283203,781711000,29.351400945215364,27.24100438456032,2.110396560655044,2.0259160404700998,76.53345166403378,33.537241709115534,22.04460204851386
2021-11-19 00:00:00-05:00,32.926204681396484,533867000,29.90137075078169,27.66213033247411,2.239240418307581,2.0685809160375963,78.49523201292985,33.958099171684644,22.64781627936516
2021-11-22 00:00:00-05:00,31.899036407470703,754335000,30.208703928733847,27.9759752269183,2.232728701815546,2.1014104731931864,71.34075916615075,34.05651940698815,23.42682924871253
2021-11-23 00:00:00-05:00,31.689411163330078,532163000,30.436505041748653,28.251044555541394,2.1854604862072584,2.118220475796001,69.75745396327387,34.198716794975404,23.98627923773944
2021-11-24 00:00:00-05:00,32.615760803222656,435162000,30.7717751588985,28.574356870184452,2.197418288714047,2.13406003837961,63.3590641587271,34.335774705411666,24.670055868623972
2021-11-26 00:00:00-05:00,31.44684410095215,283069000,30.875631919214445,28.787133702093172,2.0884982171212734,2.124947674127943,57.372639574771476,34.216013869892635,25.444846954692323
2021-11-29 00:00:00-05:00,33.31650924682617,454964000,31.25115150807779,29.122643001703025,2.1285085063747644,2.1256598405773075,60.12919260416663,34.37268400709296,26.067685026720515
2021-11-30 00:00:00-05:00,32.61775207519531,622066000,31.461397749172793,29.381539970109863,2.0798577790629302,2.116499428274432,57.61944840965723,34.278558788037806,26.845489254259554
2021-12-01 00:00:00-05:00,31.38280487060547,484368000,31.449306537085512,29.52978181459102,1.9195247224944936,2.0771044871184445,57.44966572270874,33.96945440775832,27.657480406694802
2021-12-02 00:00:00-05:00,32.072662353515625,472890000,31.545207431920915,29.718143335992842,1.8270640959280726,2.0270964088803702,56.66731782578848,33.56895694276672,28.61018581846375
2021-12-03 00:00:00-05:00,30.642040252685547,544325000,31.406258635115474,29.786580144636748,1.6196784904787265,1.9456128252000415,51.05915022563943,33.543039693889625,28.725518999042507
2021-12-06 00:00:00-05:00,29.987123489379883,658938000,31.187930151156152,29.801435207210314,1.3864949439458378,1.833789248949201,50.05304447613115,33.5245210736529,28.772853651688894
2021-12-07 00:00:00-05:00,32.3731575012207,593053000,31.370272820396853,29.991933154914786,1.3783396654820663,1.7426993322557742,56.55870738202831,33.65864620374748,28.801135442981035
2021-12-08 00:00:00-05:00,31.77315902709961,475551000,31.432255313735737,30.123875812113663,1.308379501622074,1.6558353661290344,57.717232128629874,33.70992898917899,28.866933727495812
2021-12-09 00:00:00-05:00,30.439374923706055,488507000,31.2795044845004,30.14724611667606,1.1322583678243383,1.5511199664680952,46.20562645606133,33.63323166848248,29.046919889439884
2021-12-10 00:00:00-05:00,30.147859573364258,488825000,31.10540526740253,30.147291557912226,0.9581137094903056,1.4325187150725374,40.43411739720268,33.64262695431344,29.018727873567414
2021-12-13 00:00:00-05:00,28.114240646362305,598344000,30.645226094934802,29.996695194093714,0.648530900841088,1.2757211522262475,37.813474064796466,33.914554066710316,28.524642138428845
2021-12-14 00:00:00-05:00,28.289949417114258,667035000,30.282875836808564,29.870269580984125,0.4126062558244392,1.103098172945886,39.03023764719466,34.08712795701656,28.18391524824467
2021-12-15 00:00:00-05:00,30.408428192138672,698297000,30.302191583782427,29.910133181810387,0.3920584019720401,0.9608902187511169,43.38600020574485,34.08408502040661,28.2128849655553
2021-12-16 00:00:00-05:00,28.339862823486328,707366000,30.00029485142918,29.793816858971567,0.20647799245761433,0.8100077734924165,41.166557759310216,34.18374700514863,28.026324940041796
2021-12-17 00:00:00-05:00,27.754840850830078,713758000,29.65484038979855,29.642781599109234,0.012058790689316368,0.6504179769317965,32.94157895796019,34.32194165993833,27.5017605800519
2021-12-20 00:00:00-05:00,27.6729736328125,461847000,29.349937811800697,29.49686989790207,-0.14693208610137276,0.49094796432516263,34.23717419897113,34.21184066100613,27.08653847412571
2021-12-21 00:00:00-05:00,29.026723861694336,524385000,29.30021258870741,29.462044265590386,-0.16183167688297573,0.360392036083535,42.54581169920119,34.08760694844245,26.923540932111752
2021-12-22 00:00:00-05:00,29.351184844970703,395184000,29.30805447428638,29.453832456655594,-0.14577798236921424,0.2591580323929851,41.18597928525557,33.96062480771871,26.816700440999554
2021-12-23 00:00:00-05:00,29.59078598022461,343022000,29.351551629046106,29.46397716210515,-0.11242553305904224,0.18484131930257966,46.31069520864292,33.66559302069795,26.80923474572051
2021-12-27 00:00:00-05:00,30.893619537353516,403686000,29.588792845708785,29.56987659730873,0.018916248400053348,0.1516563051220744,53.04290537231116,33.60561823670789,26.813887073350706
2021-12-28 00:00:00-05:00,30.271652221679688,420591000,29.693848134319694,29.621859976891766,0.07198815742792775,0.13572267558324508,41.99802861958633,33.12396247068336,26.99105713686058
2021-12-29 00:00:00-05:00,29.951187133789062,343139000,29.733438749622675,29.64625458110638,0.08718416851629485,0.12601497416985505,42.911519213530504,32.743879651584955,27.10448346181837
2021-12-30 00:00:00-05:00,29.536874771118164,308864000,29.70319813754506,29.638152372959105,0.06504576458595324,0.11382113225307469,46.21820517361872,32.570223544223325,27.093546559231264
2021-12-31 00:00:00-05:00,29.362165451049805,266530000,29.650731570391944,29.61770889726212,0.03302267312982465,0.09766144042842469,46.6751158902873,32.228265168098524,27.16445524510949
2022-01-03 00:00:00-05:00,30.070987701416016,391547000,29.71538635978026,29.651285104977223,0.06410125480303819,0.09094940330334739,59.32622397831885,32.16748368210876,27.168131475972295
2022-01-04 00:00:00-05:00,29.241369247436523,527154000,29.642460650188916,29.620920967381615,0.02153968280730112,0.07706745920413814,54.26857215423674,32.132388115263986,27.128651618622737
2022-01-05 00:00:00-05:00,27.55816650390625,498064000,29.321800012299274,29.468124340457514,-0.14632432815824004,0.032389101731662505,36.692459655932,31.699715307532756,27.07982532662252
2022-01-06 00:00:00-05:00,28.131214141845703,454186000,29.138632955306417,29.369093955375156,-0.2304610000687397,-0.020180918628417942,48.867723452590575,31.289448711957434,27.12589743367245
2022-01-07 00:00:00-05:00,27.201759338378906,409939000,28.84065239885603,29.20855065041247,-0.36789825155643996,-0.08972438521402235,47.10674320981544,31.225507114697468,26.8660774723997
2022-01-10 00:00:00-05:00,27.354507446289062,594681000,28.612014713845728,29.0712141167737,-0.4591994029279718,-0.16361938875681226,48.34631641208264,31.145661560010694,26.666587814378957
2022-01-11 00:00:00-05:00,27.770814895629883,404089000,28.482599357197135,28.974888248540825,-0.4922888913436907,-0.22935328927418794,42.77511611024747,31.15911205855681,26.618794740759594
2022-01-12 00:00:00-05:00,27.95250701904297,383413000,28.401046689788803,28.899156305615058,-0.49810961582625524,-0.28310455458460143,41.81943247068735,31.16587745675865,26.578285102750627
2022-01-13 00:00:00-05:00,26.5308780670166,540171000,28.11332844013154,28.7237282879411,-0.6103998478095605,-0.3485636132295932,34.277219156496784,31.07825772825532,26.27814981874175
2022-01-14 00:00:00-05:00,26.897266387939453,395832000,27.926241970563527,28.588434813866904,-0.6621928433033766,-0.4112894592443499,27.278898581151125,31.13233348463653,26.079814418805856
2022-01-18 00:00:00-05:00,25.859994888305664,424270000,27.60835780406232,28.38632815271422,-0.7779703486519018,-0.4846256371258603,26.048773961539766,31.30045600970269,25.722207297487255
2022-01-19 00:00:00-05:00,25.02537727355957,488315000,27.21097618398497,28.137368828332395,-0.9263926443474233,-0.572979038570173,24.671430418061064,31.559478609125545,25.198425062139105
2022-01-20 00:00:00-05:00,24.109901428222656,435181000,26.73388776002154,27.839037909805747,-1.1051501497842082,-0.67941326081298,23.462194429713136,31.82224813379154,24.44397329412594
2022-01-21 00:00:00-05:00,23.335189819335938,718958000,26.211011153762215,27.50541953273391,-1.2944083789716956,-0.8024122844447232,22.161742999758076,32.046896446482506,23.617725478871495
2022-01-24 00:00:00-05:00,23.333192825317383,913982000,25.76826987246301,27.196365702554907,-1.4280958300918982,-0.9275489935741583,16.70445297880366,32.097753850498236,22.941108759365044
2022-01-25 00:00:00-05:00,22.28693199157715,664616000,25.2326794292498,26.832703946186186,-1.6000245169363865,-1.062044098246604,16.354287435400835,31.94177012766069,22.236423727624953
2022-01-26 00:00:00-05:00,22.73419189453125,755959000,24.84829673160079,26.529110460878414,-1.6808137292776237,-1.185798024452808,23.491329072635892,31.693260600527093,21.731187222043705
2022-01-27 00:00:00-05:00,21.90756607055664,573353000,24.39587662990169,26.186773839373096,-1.7908972094714066,-1.3068178614565278,16.727142056527626,31.485080373213165,21.135005343034393
2022-01-28 00:00:00-05:00,22.80207633972168,543774000,24.150676585258612,25.936055506065582,-1.78537892080697,-1.4025300733266164,26.390205547495825,31.14071748902552,20.805888384082394
2022-01-31 00:00:00-05:00,24.445344924926758,564680000,24.196010175976788,25.8256325000553,-1.629622324078511,-1.4479485234769953,36.541643864577736,30.679374519693415,20.775549300802194
2022-02-01 00:00:00-05:00,24.59709358215332,518925000,24.257715315388563,25.734629617247744,-1.476914301859182,-1.4537416791534328,34.94933253832261,29.98181251864333,20.925721889926002
2022-02-02 00:00:00-05:00,25.200092315673828,543419000,24.402696392355526,25.695034261575604,-1.292337869220077,-1.4214609171667616,37.44881880997667,29.413990153300208,21.08941656209286
2022-02-03 00:00:00-05:00,23.908235549926758,410178000,24.326625493520332,25.562678801453465,-1.2360533079331333,-1.384379395320036,37.89734847524652,29.12437979506291,21.01403382493221
2022-02-04 00:00:00-05:00,24.278621673583984,354829000,24.3192402904532,25.467563458648318,-1.148323168195116,-1.337168149895052,37.92025413039316,28.677353983382417,21.07580038978653
2022-02-07 00:00:00-05:00,24.68694305419922,376868000,24.375809946414126,25.40973972498542,-1.033929778571295,-1.2765204756303008,44.25539991492623,28.390712577575243,21.110960167175733
2022-02-08 00:00:00-05:00,25.066307067871094,410359000,24.482040272792123,25.384300268902876,-0.9022599961107538,-1.2016683797263914,50.209793409364345,28.069698381820054,21.203154325089123
2022-02-09 00:00:00-05:00,26.660661697387695,524282000,24.81721279965298,25.478845559901753,-0.6616327602487715,-1.0936612558308674,62.22370296028788,27.831876773756733,21.329960613328225
2022-02-10 00:00:00-05:00,25.781124114990234,513200000,24.965506848166406,25.50123656398238,-0.5357297158159753,-0.982074947827889,61.60476608646486,27.37565438459092,21.569044712088765
2022-02-11 00:00:00-05:00,23.90923500061035,605472000,24.803003487003934,25.38331052225112,-0.5803070352471842,-0.9017213653117481,52.321181585122645,27.085620749252328,21.596914040786736
2022-02-14 00:00:00-05:00,24.226707458496094,440424000,24.71434255954119,25.297636221232228,-0.5832936616910374,-0.838035824587606,58.30412195958795,26.674269365943083,21.741209531151647
2022-02-15 00:00:00-05:00,26.451007843017578,699869000,24.981521833922173,25.38307115617929,-0.40154932225711804,-0.7507385241215084,63.810347388688434,26.799474482781278,21.67510570978464
2022-02-16 00:00:00-05:00,26.466981887817383,732676000,25.21005414990605,25.463360840004334,-0.25330669009828455,-0.6512521573168637,68.02713126440676,27.04044992218703,21.57829073180467
2022-02-17 00:00:00-05:00,24.46630859375,810595000,25.095631756651272,25.389505118059567,-0.2938733614082949,-0.5797763981351499,56.05080938712928,27.057441119597854,21.59694025094658
2022-02-18 00:00:00-05:00,23.60274314880371,761255000,24.865956586213187,25.25715237959617,-0.39119579338298394,-0.5420602771847167,46.75233955410851,27.052916318399873,21.62822038509134
2022-02-22 00:00:00-05:00,23.351160049438477,633422000,24.632910965170925,25.115967762547452,-0.48305679737652696,-0.5302595812230788,45.234443371534944,27.052421362609614,21.630512063293708
2022-02-23 00:00:00-05:00,22.349828720092773,566511000,24.28166754285121,24.911068574217477,-0.6294010313662675,-0.5500878712517165,39.42043579881795,27.04565882999901,21.64356426875587
2022-02-24 00:00:00-05:00,23.708568572998047,735801000,24.19349847056611,24.821994500053076,-0.6284960294869677,-0.5657695028987668,49.26254077994574,27.005770124846574,21.78089064175499
2022-02-25 00:00:00-05:00,24.11688995361328,528866000,24.18171254488106,24.76976453365013,-0.5880519887690703,-0.5702260000728275,49.40432183846032,26.846594551845893,22.160998603061334
2022-02-28 00:00:00-05:00,24.344512939453125,477319000,24.206758759430606,24.738264415561463,-0.5315056561308573,-0.5624819312844335,48.72177294873649,26.785311157502157,22.376525657378217
2022-03-01 00:00:00-05:00,23.438016891479492,412056000,24.08849077974582,24.641949784147986,-0.5534590044021677,-0.5606773459079804,44.152038651525906,26.79324757340965,22.267856438125996
2022-03-02 00:00:00-05:00,24.183902740478516,389642000,24.103169542935465,24.608020373505802,-0.5048508305703372,-0.5495120428404517,40.52748210847531,26.777569687041147,22.242215240327017
2022-03-03 00:00:00-05:00,23.67866325378418,365095000,24.037860883066035,24.539179105378274,-0.5013182223122392,-0.5398732787348093,41.72200499760963,26.70608113253704,22.16156088864216
2022-03-04 00:00:00-05:00,22.90182113647461,431415000,23.863085537436586,24.41789332990393,-0.5548077924673436,-0.5428601814813162,45.65921356217259,26.74749240107859,22.019508178755395
2022-03-07 00:00:00-05:00,21.320178985595703,450821000,23.47186914484568,24.18843300810332,-0.7165638632576403,-0.5776009178365811,38.706561417426,26.96863110684862,21.50252520418654
2022-03-08 00:00:00-05:00,21.48194122314453,557467000,23.16572638766089,23.98795213514341,-0.8222257474825199,-0.6265258837657689,27.007153034408844,27.061107758023976,21.08954836990571
2022-03-09 00:00:00-05:00,22.97970199584961,492742000,23.137107250459156,23.913266939640163,-0.7761596891810072,-0.6564526448488166,35.80960517813017,26.95680080984178,20.98519481088576
2022-03-10 00:00:00-05:00,22.624235153198242,428066000,23.058203850880552,23.81778310360743,-0.7595792527268763,-0.6770779664244285,41.3454777924403,26.52641322872248,21.011939737586115
2022-03-11 00:00:00-05:00,22.067068099975586,367209000,22.905721427664403,23.688100510745812,-0.782379083081409,-0.6981381897558246,42.571131625062186,26.269527834323995,20.897419530483134
2022-03-14 00:00:00-04:00,21.2982120513916,385354000,22.658412292853203,23.511071735978835,-0.8526594431256314,-0.729042440429786,40.542142165222536,26.320018665438678,20.585826404446575
2022-03-15 00:00:00-04:00,22.938762664794922,491996000,22.701543119305775,23.468678471446694,-0.7671353521409188,-0.7366610227720126,52.56228607922291,26.24025859004039,20.536792000474748
2022-03-16 00:00:00-04:00,24.45949363708496,671422000,22.97199704511796,23.542072187419897,-0.5700751423019383,-0.7033438466779978,53.22165292223717,25.810381326064494,20.767517843857384
2022-03-17 00:00:00-04:00,24.729095458984375,471941000,23.242319878020485,23.629999837165414,-0.38767995914492914,-0.640211069171384,52.6581514480156,25.355231814202288,21.048878712836288
2022-03-18 00:00:00-04:00,26.413578033447266,730719000,23.730205748086142,23.836190814667773,-0.10598506658163132,-0.5333658686534335,57.974821938924194,25.83538125733748,20.76345621367082
2022-03-21 00:00:00-04:00,26.69415855407715,591727000,24.186198487469373,24.0478921286981,0.13830635877127406,-0.399031423168492,63.18642307201524,26.40988151142931,20.498097500106333
2022-03-22 00:00:00-04:00,26.484472274780273,547007000,24.53977907013259,24.22837954692641,0.31139952320618036,-0.25694523389355756,59.739617104877475,26.8610650668721,20.360245167197725
2022-03-23 00:00:00-04:00,25.595796585083008,502120000,24.702243303201882,24.32966969790097,0.37257360530091077,-0.1310414660546639,57.86109513025519,27.081914901651928,20.46399211891692
2022-03-24 00:00:00-04:00,28.10805320739746,877379000,25.22621405769351,24.609549957863674,0.6166640998298369,0.018499647122236267,68.68816773776746,27.827122690422563,20.158732793586225
2022-03-25 00:00:00-04:00,27.65073013305664,579016000,25.5992165308263,24.834822563433523,0.7643939673927775,0.16767851117634452,74.71925041290208,28.33892468277834,20.000314819174783
2022-03-28 00:00:00-04:00,28.176944732666016,425494000,25.995790100340102,25.082387168561855,0.913402931778247,0.31682339529672504,75.41887692927575,28.90027512089815,19.822207560376263
2022-03-29 00:00:00-04:00,28.613296508789062,488984000,26.398483393947636,25.343936008578684,1.0545473853689522,0.4643681933111705,73.2640417135971,29.51365072174595,19.72635992125942
2022-03-30 00:00:00-04:00,27.648733139038086,463487000,26.590829508576935,25.514661721946048,1.0761677866308865,0.5867281119751138,69.7549806581044,29.86400178237497,19.72249190048636
2022-03-31 00:00:00-04:00,27.245336532592773,523440000,26.691522896887065,25.64285985606803,1.0486630408190365,0.6791150977438983,70.60875949554652,30.127446429958802,19.815714580783386
2022-04-01 00:00:00-04:00,26.672189712524414,517235000,26.688548560831272,25.719106512101835,0.9694420487294373,0.7371804879410062,71.72610069702124,30.2728572313192,20.047340637027965
2022-04-04 00:00:00-04:00,27.319225311279297,397120000,26.78557575320789,25.837633830559426,0.9479419226484644,0.7793327748824979,69.25639531022881,30.322015902818862,20.598086598096664
2022-04-05 00:00:00-04:00,25.89235496520996,436615000,26.648157170438978,25.841687247940946,0.8064699224980316,0.7847602044056047,56.35123111578396,30.16851522403567,21.192628651086398
2022-04-06 00:00:00-04:00,24.370624542236328,703833000,26.297767535330877,25.732719640110975,0.5650478952199016,0.7408177425684641,48.569813570935246,30.102910186033874,21.39732594372687
2022-04-07 00:00:00-04:00,24.17192268371582,557992000,25.970714481236254,25.61710505074837,0.3536094304878823,0.6633760801523477,39.85358016356546,29.99749767771207,21.65750720510043
2022-04-08 00:00:00-04:00,23.084548950195312,524781000,25.526689014922262,25.429508302559256,0.09718071236300574,0.5501370065944794,34.77385435518573,29.87648788914925,21.880265078685223
2022-04-11 00:00:00-04:00,21.88433837890625,575207000,24.966327378612107,25.166903123029403,-0.20057574441729642,0.3999944563921243,32.09207711991175,29.770746958861682,22.044618641724252
2022-04-12 00:00:00-04:00,21.471954345703125,662258000,24.42873152739534,24.893203213597825,-0.46447168620248647,0.22710122787320214,33.327986973800634,29.980085441662826,21.68859932701393
2022-04-13 00:00:00-04:00,22.16990852355957,516943000,24.08122029603599,24.6914776810024,-0.6102573849664097,0.05962950530527977,21.865819764009984,30.14264833246215,21.297077924862066
2022-04-14 00:00:00-04:00,21.226318359375,569097000,23.64200461347276,24.434799212733704,-0.7927945992609438,-0.11085531560796494,20.902677832508914,30.389944147088205,20.699504400275078
2022-04-18 00:00:00-04:00,21.750537872314453,525701000,23.351009730217637,24.235965039369315,-0.8849553091516782,-0.2656753143167076,20.888380609534323,30.422252220759194,20.200892310490804
2022-04-19 00:00:00-04:00,22.164920806884766,512781000,23.16853451124335,24.08255435548157,-0.9140198442382186,-0.3953442203010098,20.730604644655557,30.337270965206734,19.832949791324026
2022-04-20 00:00:00-04:00,21.44998550415039,468974000,22.90414235630597,23.887549255382964,-0.9834068990769929,-0.5129567560562064,21.21128209325657,30.282060870961537,19.38471120850624
2022-04-21 00:00:00-04:00,20.152923583984375,656209000,22.480877929794957,23.610910316760847,-1.1300323869658904,-0.6363718822381432,19.58551523175167,30.38067423684087,18.74181054251704
2022-04-22 00:00:00-04:00,19.485918045043945,624713000,22.020114870602495,23.305355333670708,-1.285240463068213,-0.7661455984041573,19.429112608557077,30.118272638247884,18.141998624874677
2022-04-25 00:00:00-04:00,19.87234115600586,641566000,21.689688145279934,23.051057987177014,-1.3613698418970799,-0.8851904471027419,17.602081798206314,29.77678687041169,17.70564549500579
2022-04-26 00:00:00-04:00,18.760000228881836,653143000,21.238966927372534,22.733201856932926,-1.4942349295603918,-1.006999343594272,18.09735974948879,29.31818581756547,17.22255209747359
2022-04-27 00:00:00-04:00,18.387557983398438,499460000,20.800288628299597,22.411302310745185,-1.6110136824455878,-1.1278022113645352,20.17124823462781,28.63146348023848,16.88670058226152
2022-04-28 00:00:00-04:00,19.752517700195312,570327000,20.639093100898936,22.214355302556307,-1.5752622016573703,-1.2172942094231023,30.26220224947282,27.90486468467039,16.823677833945336
2022-04-29 00:00:00-04:00,18.519357681274414,500435000,20.31297995941824,21.940651775053944,-1.6276718156357042,-1.2993697306656227,29.873190102837427,27.218833564399954,16.637111069083932
2022-05-02 00:00:00-04:00,19.503890991210938,572049000,20.188504733540192,21.76015097625076,-1.5716462427105675,-1.3538250330746118,39.301737897550275,26.463530188782546,16.675584572569992
2022-05-03 00:00:00-04:00,19.572790145874023,475751000,20.09377941236078,21.598124248074704,-1.5043448357139226,-1.3839289936024741,41.192819519443816,25.329400588347514,17.035070656464494
2022-05-04 00:00:00-04:00,20.30369758605957,648855000,20.12607451600675,21.502240791629138,-1.3761662756223885,-1.382376450006457,41.37200706442318,24.418784079449864,17.38682142744711
2022-05-05 00:00:00-04:00,18.815916061401367,626331000,19.92451167683669,21.30325377457523,-1.378742097738538,-1.3816495795528734,39.3899501546072,23.853450044736913,17.396684614076566
2022-05-06 00:00:00-04:00,18.647167205810547,633297000,19.727997142832667,21.106506621333402,-1.3785094785007352,-1.3810215593424457,35.8983617048642,23.22568532761482,17.47197378340813
2022-05-09 00:00:00-04:00,16.92474365234375,644455000,19.296727375065142,20.796746401408242,-1.5000190263431001,-1.4048210527425766,28.718576273665192,23.002185516648737,17.07949306458906
2022-05-10 00:00:00-04:00,17.56877899169922,761474000,19.030889162239614,20.55763770439276,-1.5267485421531468,-1.4292065506246907,34.146334242490724,22.849065466210213,16.801057176306877
2022-05-11 00:00:00-04:00,16.60521697998047,670167000,18.657708826507438,20.264865798880738,-1.6071569723733,-1.4647966349744126,35.10271169379706,22.823158164188964,16.34029074175586
2022-05-12 00:00:00-04:00,16.15089988708496,708728000,18.272045912750134,19.96012758319216,-1.6880816704420276,-1.5094536420679356,35.741124563388155,22.626413022826757,15.935135019470604
2022-05-13 00:00:00-04:00,17.679611206054688,670437000,18.180902111720066,19.79120044414494,-1.6102983324248754,-1.5296225801393237,41.45921839971282,22.39034408931454,15.816533237650795
2022-05-16 00:00:00-04:00,17.23827362060547,521446000,18.035882343856283,19.602094753512386,-1.566212409656103,-1.5369405460426797,43.74589336216818,22.015759050346798,15.739891851447634
2022-05-17 00:00:00-04:00,18.14990997314453,585830000,18.053425056054476,19.494525510522173,-1.4411004544676977,-1.5177725277276835,49.06474709979724,21.418197576554192,15.935952241866216
2022-05-18 00:00:00-04:00,16.912757873535156,545161000,17.877937797205348,19.30328346333795,-1.4253456661326034,-1.4992871554086675,38.71068859058082,20.9668858804843,15.93354117487459
2022-05-19 00:00:00-04:00,17.098482131958008,621310000,17.75802154101345,19.139964846198698,-1.3819433051852492,-1.475818385363984,43.838231109758276,20.748968531848153,15.846014378308094
2022-05-20 00:00:00-04:00,16.669118881225586,739105000,17.59049805489224,18.95693921916365,-1.3664411642714107,-1.4539429411454694,37.08484978147679,20.644042263734438,15.669260730039976
2022-05-23 00:00:00-04:00,16.872814178466797,639889000,17.48008515082679,18.80255958651944,-1.3224744356926514,-1.427649240054906,37.84823237885745,20.419080589955247,15.594269706065258
2022-05-24 00:00:00-04:00,16.129924774169922,588550000,17.272368169802654,18.604586637456514,-1.3322184676538598,-1.4085630855746967,31.235361155106375,20.398844701407484,15.35149804914183
2022-05-25 00:00:00-04:00,16.949703216552734,781132000,17.222727407764204,18.48200268035253,-1.2592752725883258,-1.3787055229774225,41.07363473822747,20.347331908511716,15.259225365353029
2022-05-26 00:00:00-04:00,17.82439422607422,996575000,17.31529153365805,18.433290942998582,-1.1179994093405305,-1.3265643002500442,46.31351552020478,20.080322690739486,15.33342223571315
2022-05-27 00:00:00-04:00,18.78296661376953,738379000,17.54108769982905,18.45919284453717,-0.9181051447081217,-1.2448724691416597,58.93766084219017,20.115328317578943,15.324777502123204
2022-05-31 00:00:00-04:00,18.64417266845703,664100000,17.710793079617968,18.47289505371642,-0.7621019740984529,-1.1483183701330184,55.43664949899003,19.96604969455741,15.388084292869348
2022-06-01 00:00:00-04:00,18.29269790649414,544514000,17.80031689913738,18.45954711688514,-0.659230217747762,-1.0505007396559671,59.09385628202852,19.74505684785217,15.4810679156366
2022-06-02 00:00:00-04:00,19.56279945373535,648656000,18.07146806138322,18.54126951220738,-0.46980145082415703,-0.9343608818896052,66.90076305875034,19.529430804164196,15.622604146092154
2022-06-03 00:00:00-04:00,18.692102432250977,598779000,18.166950272285952,18.552442321099498,-0.38549204881354626,-0.8245871152743934,55.36509732000332,19.507415794590116,15.632237792751189
2022-06-06 00:00:00-04:00,18.75800323486328,422406000,18.25788149729785,18.56766905545237,-0.30978755815452175,-0.7216272038504191,58.38659317229915,19.52651829985519,15.62421889039139
2022-06-07 00:00:00-04:00,18.89779281616211,388914000,18.356329392507735,18.592122667356794,-0.23579327484905832,-0.624460418050147,54.5115019101966,19.68525405627215,15.662788050356268
2022-06-08 00:00:00-04:00,18.624147415161133,363252000,18.39753216522364,18.594494870897854,-0.19696270567421337,-0.5389608755749603,61.681653109735755,19.781309549032613,15.672269399941996
2022-06-09 00:00:00-04:00,18.02491569519043,395574000,18.3402065544493,18.552303820845452,-0.21209726639615312,-0.4735881537391989,55.98577663590377,19.786171154536188,15.80937766595942
2022-06-10 00:00:00-04:00,16.952287673950195,465248000,18.12668057283405,18.433784106260617,-0.3071035334265666,-0.44029122967667245,51.68917043120029,19.715732797334883,15.959954801847243
2022-06-13 00:00:00-04:00,15.626984596252441,604153000,17.742111961052263,18.225873031445197,-0.4837610703929336,-0.4489851978199247,43.4454150614457,19.857917581904985,15.612507356296916
2022-06-14 00:00:00-04:00,15.815744400024414,469680000,17.445747720894133,18.047344984673288,-0.6015972637791549,-0.47950761101177075,48.24467833435563,19.946243146004562,15.381928870139236
2022-06-15 00:00:00-04:00,16.505857467651367,563936000,17.301149220395246,17.933160724153144,-0.6320115037578979,-0.5100083895609963,47.48378266390776,19.908365647382688,15.255401118211795
2022-06-16 00:00:00-04:00,15.581043243408203,545749000,17.036517531628007,17.75892979965352,-0.7224122680255114,-0.5524891652538994,37.354029584484415,19.993685405190835,15.036909897390952
2022-06-17 00:00:00-04:00,15.859686851501465,630334000,16.855466657762385,17.61824513682744,-0.7627784790650551,-0.5945470280161306,32.153133849472894,20.035360744480972,14.87135503005516
2022-06-21 00:00:00-04:00,16.54480743408203,483089000,16.80767293104233,17.538731232920373,-0.7310583018780434,-0.6218492827885131,37.98470928850247,20.03767851322585,14.856606116595927
2022-06-22 00:00:00-04:00,16.339075088500977,437135000,16.735580955266737,17.44986781481523,-0.7142868595484941,-0.6403367981405094,38.62914159017346,20.04665476857602,14.794255952249172
2022-06-23 00:00:00-04:00,16.20424461364746,463680000,16.653836902709926,17.357599429543544,-0.7037625268336178,-0.653021943879131,27.475114981360704,20.042881723579548,14.8054609811934
2022-06-24 00:00:00-04:00,17.104093551635742,472153000,16.72310715639082,17.33882121636519,-0.6157140599743691,-0.6455603670981787,39.391153479863846,20.045617670261194,14.818164068020055
2022-06-27 00:00:00-04:00,16.847423553466797,427968000,16.74223275594097,17.30242138948383,-0.5601886335428574,-0.6284860203871144,37.55343902142631,20.002394066473904,14.763690604546603
2022-06-28 00:00:00-04:00,15.961557388305664,461149000,16.622128853227846,17.2030981301373,-0.5809692769094532,-0.6189826716915822,32.56642261238494,19.847737972286307,14.636205776187811
2022-06-29 00:00:00-04:00,15.52211856842041,482352000,16.45289650171901,17.078581125565677,-0.6256846238466665,-0.620323062122599,31.937646786921945,19.711930770521665,14.459807567948797
2022-06-30 00:00:00-04:00,15.139608383178711,686070000,16.250852175789735,16.934953515018496,-0.6841013392287607,-0.6330787175438314,32.76456970898751,19.626804755909582,14.22962463022933
2022-07-01 00:00:00-04:00,14.504422187805176,577610000,15.982170639176726,16.75491415744714,-0.7727435182704134,-0.6610116776891478,34.57131202811961,19.2807847231307,14.0698069364152
2022-07-05 00:00:00-04:00,14.94485855102539,651397000,15.82258416407652,16.620835964378863,-0.7982518003023422,-0.6884597022117868,45.16083375404059,19.02068879217504,13.9551784792483
2022-07-06 00:00:00-04:00,15.11064624786377,529066000,15.713055253889943,16.50897005945182,-0.7959148055618765,-0.7099507228818047,44.98150686000805,18.66973138553583,13.941400187187558
2022-07-07 00:00:00-04:00,15.837716102600098,492903000,15.732233845999197,16.459247544129468,-0.7270136981302713,-0.7133633179314981,45.26943089916175,18.18286470406978,14.12225919729741
2022-07-08 00:00:00-04:00,15.817739486694336,467972000,15.745388559952294,16.411728428763904,-0.66633986881161,-0.7039586281075205,51.9221350743765,17.67860785856385,14.345875249956656
2022-07-11 00:00:00-04:00,15.13261890411377,437321000,15.651116305207907,16.316979575086116,-0.6658632698782085,-0.6963395564616581,44.461358694925686,17.28141586806701,14.45383756134583
2022-07-12 00:00:00-04:00,15.062708854675293,458483000,15.560592082049043,16.224070632833463,-0.6634785507844203,-0.6897673553262106,37.54200713670411,17.133269816829976,14.413025730655374
2022-07-13 00:00:00-04:00,15.144600868225098,521918000,15.496593433768435,16.14410990952914,-0.6475164757607033,-0.6813171794131091,39.746199617288774,17.13688947088724,14.361167703795378
2022-07-14 00:00:00-04:00,15.352334976196289,456235000,15.474399824911183,16.085459914467446,-0.611060089556263,-0.6672657614417399,42.77730217166387,17.12446096103113,14.327255271268676
2022-07-15 00:00:00-04:00,15.741838455200195,385935000,15.51554422957103,16.060006473040243,-0.5444622434692121,-0.6427050578472344,37.35632753657157,17.037440558633214,14.337873772421476
2022-07-18 00:00:00-04:00,16.080402374267578,670517000,15.602445482601269,16.061517280538563,-0.4590717979372947,-0.6059784058652465,42.98755043456819,17.072540872786323,14.352709371354301
2022-07-19 00:00:00-04:00,16.970264434814453,702366000,15.812879167557144,16.128831884559,-0.31595271700185457,-0.5479732680925682,59.21531638405478,17.239485077308853,14.296822925163069
2022-07-20 00:00:00-04:00,17.784221649169922,760538000,16.116162626266803,16.25145334860425,-0.135290722337448,-0.4654367589415442,69.34244618701378,17.526399436493936,14.133849987486776
2022-07-21 00:00:00-04:00,18.026912689208984,557049000,16.410124174411752,16.382968855315713,0.027155319096038966,-0.36691834333402756,75.29310196178812,17.86613184004793,13.962901344003583
2022-07-22 00:00:00-04:00,17.296846389770508,536671000,16.54654297677464,16.45066348749755,0.09587948927708823,-0.27435877681180443,74.06195511597869,18.01385817887785,13.924435182785967
2022-07-25 00:00:00-04:00,17.002227783203125,480748000,16.61664833160979,16.491520101994258,0.12512822961553383,-0.1944613755263368,68.18507044381084,17.99733684568358,13.930769939136976
2022-07-26 00:00:00-04:00,16.511850357055664,397865000,16.600525566293772,16.493026046813622,0.10749951948015024,-0.1340691965250394,61.71312233802458,17.955245995277693,13.939303469901752
2022-07-27 00:00:00-04:00,17.767244338989258,569776000,16.780020762093077,16.58741258697478,0.19260817511829842,-0.06873372219637185,64.82048251353928,18.204332860205295,13.87078530004251
2022-07-28 00:00:00-04:00,17.96099090576172,474646000,16.961708476503638,16.689159129107146,0.2725493473964917,-0.0004771082777991337,66.03405035207871,18.473638755839897,13.845366638142035
2022-07-29 00:00:00-04:00,18.139768600463867,435460000,17.142948495574444,16.796611682540977,0.3463368130334672,0.06888567598445414,74.34113413717415,18.7317125178772,13.887308897833252
2022-08-01 00:00:00-04:00,18.41741371154785,476469000,17.339020067262663,16.91667109209704,0.4223489751656224,0.1395783358206878,76.2709039117225,18.945517376754577,14.064803191330139
2022-08-02 00:00:00-04:00,18.502300262451172,489527000,17.517986251137817,17.034125104715866,0.4838611464219511,0.20843489794094047,76.28202783497875,19.16280888898242,14.203255850244881
2022-08-03 00:00:00-04:00,18.86882781982422,418146000,17.725808030935724,17.170029009538705,0.5557790213970186,0.2779037226321561,76.85732624035163,19.417693444959443,14.3241894514639
2022-08-04 00:00:00-04:00,19.190420150756836,409652000,17.951132972446665,17.3196876125919,0.6314453598547658,0.34861205007667806,76.61473991876841,19.73589063021514,14.341262671023877
2022-08-05 00:00:00-04:00,18.96470832824707,386068000,18.107067642569803,17.441540998936727,0.6655266436330756,0.4119949687879576,72.65450821428111,19.959713760858993,14.432136424535297
2022-08-08 00:00:00-04:00,17.770240783691406,981859000,18.05524812581928,17.465889131140777,0.5893589946785021,0.4474677739660665,55.996410886063934,19.92366364309948,14.731948730252569
2022-08-09 00:00:00-04:00,17.064144134521484,668263000,17.90277058869654,17.436130242502312,0.4666403461942288,0.451302288411699,44.51377804232404,19.80080974963806,15.054946151698612
2022-08-10 00:00:00-04:00,18.073848724365234,597422000,17.92909030187634,17.48336864856623,0.44572165331010893,0.450186161391381,50.32018086679914,19.702904210068734,15.44577647688195
2022-08-11 00:00:00-04:00,17.919048309326172,509327000,17.927545379945546,17.51564121602993,0.41190416391561513,0.44252976189622784,54.60593698843592,19.559290898071957,15.846061122191712
2022-08-12 00:00:00-04:00,18.68506622314453,478094000,18.044087048130006,17.602265290631014,0.44182175749899244,0.4423881610167808,61.64473816193341,19.50801754423525,16.191657252822857
2022-08-15 00:00:00-04:00,19.007654190063477,457666000,18.192328146889,17.706368172070455,0.48595997481854525,0.4511025237771337,67.6807817096629,19.50697642874815,16.485423549889543
2022-08-16 00:00:00-04:00,18.85485076904297,451240000,18.29425470414346,17.791440957031384,0.502813747112075,0.461444768444122,59.131314561223085,19.566467388847816,16.61439122321273
2022-08-17 00:00:00-04:00,18.311542510986328,446799000,18.29691436673467,17.829966998065082,0.46694736866958664,0.46254528848921495,52.77998111083078,19.588635912560182,16.644954785682007
2022-08-18 00:00:00-04:00,18.748985290527344,415447000,18.36646373962585,17.89804242713636,0.4684213124894896,0.4637204932892699,54.64087808572152,19.650652408916173,16.65514554945785
2022-08-19 00:00:00-04:00,17.826168060302734,441588000,18.283341327422292,17.8927183999635,0.3906229274587929,0.4491009801231745,45.899119691152386,19.631436420480615,16.72729370494663
2022-08-22 00:00:00-04:00,17.012208938598633,409593000,18.087782498372498,17.827495476899436,0.2602870214730615,0.41133818839315195,40.61399716895423,19.630237908624135,16.72949033234266
2022-08-23 00:00:00-04:00,17.15902328491211,369986000,17.944896465532437,17.777979018233708,0.16691744729872937,0.36245404017426747,38.92344533080276,19.52859170028079,16.89585383347165
2022-08-24 00:00:00-04:00,17.199970245361328,522661000,17.83029243165996,17.735163553576495,0.09512887808346449,0.3089890077561069,36.61878641763911,19.56352251643732,16.804195607952327
2022-08-25 00:00:00-04:00,17.89008903503418,770691000,17.839491909102147,17.746639515165953,0.09285239393619449,0.26576168499212444,43.200235392713836,19.56275023790892,16.797877699407973
2022-08-26 00:00:00-04:00,16.23920249938965,769127000,17.593293538377146,17.634977513997338,-0.04168397562019166,0.20427255286966123,40.841215483052984,19.71807661725809,16.45249470995138
2022-08-29 00:00:00-04:00,15.78078842163086,496132000,17.314446597339256,17.497630173822042,-0.1831835764827865,0.1267813269991717,42.08842645701082,19.87377996192046,16.033128836297312
2022-08-30 00:00:00-04:00,15.448212623596191,530181000,17.02733367830186,17.345821466397904,-0.31848778809604283,0.03772750398012878,32.339151433758545,20.002422624211516,15.59907741012076
2022-08-31 00:00:00-04:00,15.074691772460938,573710000,16.726927231249412,17.177589637217388,-0.45066240596797513,-0.059950478009492006,31.414813293439323,20.06464639635578,15.157440033240169
2022-09-01 00:00:00-04:00,13.919172286987305,1178865000,16.294964932132164,16.936225389052197,-0.6412604569200333,-0.17621247379160027,20.367679235325866,20.188606523614727,14.50635511960427
2022-09-02 00:00:00-04:00,13.62954044342041,743157000,15.884899626176509,16.69128576344984,-0.8063861372733321,-0.3022472064879467,16.42355318831983,20.26378392912708,13.897660925609252
2022-09-06 00:00:00-04:00,13.447774887084961,535751000,15.509957358623963,16.451025698533925,-0.9410683399099629,-0.4300114331723499,16.364374581314408,20.416177556556335,13.313020708519346
2022-09-07 00:00:00-04:00,13.70052719116211,512657000,15.231583486706754,16.247285068358234,-1.0157015816514807,-0.5471494628681761,20.24063050717598,20.516612721853896,12.876223848885852
2022-09-08 00:00:00-04:00,13.9762544631958,624873000,15.038455944628145,16.079060579086942,-1.0406046344587967,-0.6458404971863002,18.540226889354315,20.43811387511486,12.544963269507948
2022-09-09 00:00:00-04:00,14.3728666305542,486612000,14.93605758861677,15.952675842158591,-1.0166182535418216,-0.7199960484574045,25.54057568370291,20.309111357936207,12.319347618809399
2022-09-12 00:00:00-04:00,14.49074935913086,484159000,14.867548630234323,15.844384991563944,-0.9768363613296209,-0.7713641110318479,30.187075874972606,20.01483019533851,12.194197095005729
2022-09-13 00:00:00-04:00,13.118099212646484,714956000,14.59840256599004,15.642437896829318,-1.044035330839277,-0.8258983549933337,23.37645495251863,19.686722951254612,11.933348841347925
2022-09-14 00:00:00-04:00,13.115102767944336,588507000,14.370202597059933,15.455227887282282,-1.0850252902223492,-0.8777237420391368,22.951673521638554,19.299174848418243,11.746922144074432
2022-09-15 00:00:00-04:00,12.91629695892334,523625000,14.14652480657738,15.267158929626063,-1.1206341230486832,-0.9263058182410462,14.77355145268433,18.9608855145328,11.545686922753575
2022-09-16 00:00:00-04:00,13.185032844543457,670751000,13.99860296626447,15.112927367768092,-1.114324401503623,-0.9639095348935616,23.103293336480007,18.402678550230718,11.547498642457272
2022-09-19 00:00:00-04:00,13.368852615356445,569685000,13.901718296894003,14.98373664536723,-1.0820183484732269,-0.9875312976094947,27.679644978017635,17.97264215295346,11.531803495239902
2022-09-20 00:00:00-04:00,13.163055419921875,524818000,13.788077854282907,14.848871369408315,-1.0607935151254075,-1.0021837411126773,28.344740140785873,17.66967612218684,11.449854174138848
2022-09-21 00:00:00-04:00,13.24797248840332,807679000,13.704984721070662,14.730286267111648,-1.0253015460409856,-1.006807302098339,31.687442111615297,17.271180135514072,11.457245081160732
2022-09-22 00:00:00-04:00,12.548659324645996,759162000,13.527088506236097,14.568684271373451,-1.0415957651373535,-1.013764994706142,34.87762349982374,16.81934471349945,11.443949411103821
2022-09-23 00:00:00-04:00,12.503704071044922,663309000,13.369644746975917,14.415722775052819,-1.0460780280769022,-1.020227601380294,36.868356869678344,15.984209740802683,11.740445887401663
2022-09-26 00:00:00-04:00,12.215986251831055,547343000,13.192158824645938,14.252779328888243,-1.060620504242305,-1.0283061819526962,35.97908582211876,15.588145145863061,11.734188857585425
2022-09-27 00:00:00-04:00,12.400805473327637,553854000,13.070412155212354,14.115596080328197,-1.0451839251158432,-1.0316817305853256,34.97344662830727,15.218887569469665,11.7654481391485
2022-09-28 00:00:00-04:00,12.723488807678223,542414000,13.017039332514795,14.012477023094865,-0.9954376905800704,-1.0244329225842748,35.67189041344518,14.846672558332527,11.865190768693841
2022-09-29 00:00:00-04:00,12.20799446105957,532763000,12.892570890752452,13.878811648129288,-0.9862407573768355,-1.016794489542787,25.895449785430145,14.550992601918434,11.874200993967797
2022-09-30 00:00:00-04:00,12.127074241638184,565638000,12.774802175504103,13.74905332172254,-0.9742511462184371,-1.008285820877917,23.46347349498336,14.501566318521334,11.744417472829983
2022-10-03 00:00:00-04:00,12.49970817565918,547478000,12.732480021681807,13.656509236828958,-0.9240292151471508,-0.9914344997317639,41.04717769950174,14.450262161220436,11.682738403354758
2022-10-04 00:00:00-04:00,13.154065132141113,584182000,12.797339269444777,13.619291155000228,-0.8219518855554515,-0.9575379768965014,50.47457550728062,14.424730973313531,11.67889861576728
2022-10-05 00:00:00-04:00,13.196022987365723,507131000,12.858675226048,13.587937957397672,-0.7292627313496727,-0.9118829277871358,53.542520047556636,14.367485707802171,11.685693460899
2022-10-06 00:00:00-04:00,13.117100715637207,644157000,12.898432993677108,13.553061124674675,-0.6546281309975672,-0.8604319684292221,49.09624062897755,14.249369301404347,11.717894492540967
2022-10-07 00:00:00-04:00,12.064136505126953,672478000,12.770079687746316,13.442770412115586,-0.6726907243692697,-0.8228837196172316,35.90243755662338,14.016092321859915,11.720298459542672
2022-10-10 00:00:00-04:00,11.658534049987793,698699000,12.599072666552697,13.310604755661675,-0.711532089108978,-0.8006133935155809,34.4163981328976,13.720084232698706,11.733085017789573
2022-10-11 00:00:00-04:00,11.574618339538574,667482000,12.441464308550524,13.182013169282186,-0.7405488607316624,-0.7886004869587973,32.66405793510262,13.748986861083388,11.549834302094101
2022-10-12 00:00:00-04:00,11.488702774047852,492590000,12.294885610934728,13.056582769635199,-0.7616971587004713,-0.7832198213071321,37.41998590606504,13.759391288868033,11.37678987491981
2022-10-13 00:00:00-04:00,11.948250770568848,850103000,12.241557173955362,12.97448410303769,-0.7329269290823284,-0.7731612428621714,43.998281204434655,13.729932751312983,11.30944379363941
2022-10-14 00:00:00-04:00,11.215970039367676,713432000,12.083774537864949,12.844223802025097,-0.7604492641601475,-0.7706188471217666,40.141824795572646,13.720661968080016,11.1218082963548
2022-10-17 00:00:00-04:00,11.876319885253906,580774000,12.05185843746325,12.7725272155976,-0.7206687781343497,-0.7606288333242833,45.2728139462402,13.586981446236315,11.106235545188245
2022-10-18 00:00:00-04:00,11.955244064331055,659362000,12.036994687750605,12.71198772291119,-0.6749930351605844,-0.7435016736915436,42.757582007338776,13.475789645858747,11.096646210006732
2022-10-19 00:00:00-04:00,12.039159774780273,523131000,12.037327778062862,12.662148615642232,-0.6248208375793709,-0.7197655064691091,48.267369756189225,13.329325505497053,11.122229079006122
2022-10-20 00:00:00-04:00,12.182021141052246,652398000,12.059588295445844,12.626583617524457,-0.566995322078613,-0.6892114695910099,50.556802214220404,13.300541348049418,11.114349418094381
2022-10-21 00:00:00-04:00,12.453752517700195,609494000,12.120228945023436,12.61378131383377,-0.4935523688103345,-0.6500796494348748,49.524588074331106,13.295418730480842,11.114476880328484
2022-10-24 00:00:00-04:00,12.586623191833496,517457000,12.191981906071138,12.611769601093009,-0.41978769502187063,-0.6040212585522741,43.41983381432573,13.327256722651812,11.119702582157759
2022-10-25 00:00:00-04:00,13.24797248840332,505482000,12.354441995660705,12.658895740893772,-0.3044537452330669,-0.5441077558884326,50.52674818645955,13.459619670183208,11.07205633613393
2022-10-26 00:00:00-04:00,12.883329391479492,532953000,12.435809287325133,12.675520455751974,-0.23971116842684026,-0.4832284383961142,47.759468561704345,13.482558688560442,11.065101376136823
2022-10-27 00:00:00-04:00,13.163055419921875,583113000,12.547693307724632,12.711634156801596,-0.1639408490769636,-0.4193709205322841,62.3650924736795,13.59318786632535,11.049978294258148
2022-10-28 00:00:00-04:00,13.82040786743164,521040000,12.743495547679556,12.793765542774192,-0.050269995094636144,-0.3455507354447545,73.02126733052137,13.838650917695134,10.973848605467708
2022-10-31 00:00:00-04:00,13.48374080657959,486341000,12.857379433664176,12.844874821574592,0.0125046120895842,-0.27393966593788677,69.29133220879423,13.966795065641138,10.944107720613745
2022-11-01 00:00:00-04:00,13.529694557189941,432817000,12.960812529591218,12.895602209397952,0.06521032019326611,-0.2061096687116562,70.7917645712416,14.030790530924364,10.9176751978354
2022-11-02 00:00:00-04:00,13.206012725830078,672628000,12.998535636704888,12.918595580985517,0.07994005571937102,-0.14889972382545077,63.177713115594386,14.032271347913007,10.917193354693193
2022-11-03 00:00:00-04:00,13.407814025878906,500065000,13.06150154273166,12.954833984310953,0.10666755842070685,-0.09778626737621926,75.83607827461134,14.077178612389872,10.901357421240498
2022-11-04 00:00:00-04:00,14.14209270477295,612576000,13.227746336891858,13.042779074715545,0.18496726217631299,-0.04123556146571281,76.2500058005935,14.328988570071354,10.857343083523615
2022-11-07 00:00:00-05:00,14.286949157714844,410061000,13.39070061701847,13.134939821604382,0.2557607954140888,0.01816370991024751,76.60737737494162,14.557735724550735,10.89143743981694
2022-11-08 00:00:00-05:00,14.587654113769531,595292000,13.574847308826326,13.24254828769069,0.33229902113563625,0.08099077215532527,77.71019197180172,14.803244943584502,10.947231798206268
2022-11-09 00:00:00-05:00,13.762466430664062,454414000,13.603711789109054,13.281060742725755,0.32265104638329944,0.12932282700092013,64.9640575548663,14.839271443113459,11.138581664338934
2022-11-10 00:00:00-05:00,15.734526634216309,700819000,13.931529457587093,13.462798956910241,0.46873050067685185,0.19720436173610648,73.49743157643954,15.330421931232667,11.026058762584473
2022-11-11 00:00:00-05:00,16.31096076965332,655487000,14.29759581328959,13.673773906002321,0.6238219072872688,0.28252787084633896,75.08073808799313,15.802397645387813,11.063582121457891
2022-11-14 00:00:00-05:00,16.27899169921875,527852000,14.602425949586383,13.86675300179613,0.7356729477902526,0.3731568862351217,72.30226600421085,16.22316428165805,11.083082666584136
2022-11-15 00:00:00-05:00,16.649625778198242,545876000,14.917379769372824,14.072891725974065,0.8444880433987585,0.4674231176678491,77.68803122065913,16.65489084114627,11.12079427848264
2022-11-16 00:00:00-05:00,15.894371032714844,649547000,15.067686117579289,14.207816119065974,0.8598699985133145,0.5459124938369422,68.76719129325706,16.842526087032457,11.318680158389906
2022-11-17 00:00:00-05:00,15.66159725189209,710894000,15.15905706131972,14.315503610386427,0.8435534509332925,0.6054406852562123,63.43491048783783,16.95052797210195,11.5586358844044
2022-11-18 00:00:00-05:00,15.3938627243042,492072000,15.195181009471177,14.395382063269226,0.7997989462019515,0.6443123374453602,64.0795396264104,17.003058919106124,11.800115958060623
2022-11-21 00:00:00-05:00,15.30195140838623,404739000,15.211607224688878,14.462535348092707,0.7490718765961706,0.6652642452755223,62.97542445757045,17.02074141476484,12.053966284057182
2022-11-22 00:00:00-05:00,16.02224349975586,472866000,15.336320497776105,14.57806928525294,0.7582512125231649,0.6838616387250509,69.48707769327237,17.166124661894624,12.186010138062654
2022-11-23 00:00:00-05:00,16.502771377563477,427241000,15.515774479281855,14.720639810609276,0.7951346686725795,0.7061162447145567,70.62034798105618,17.324501412230436,12.38957758633524
2022-11-25 00:00:00-05:00,16.254013061523438,167934000,15.629349645780561,14.834223014380695,0.7951266313998655,0.7239183220516185,65.04409815193057,17.418769682710966,12.604405080014864
2022-11-28 00:00:00-05:00,15.81145191192627,303741000,15.657365379033747,14.906610340124812,0.7507550389089346,0.7292856654230818,60.41781882048558,17.475197794426922,12.747081372748372
2022-11-29 00:00:00-05:00,15.623634338378906,298384000,15.652175988163771,14.959723228884375,0.6924527592793961,0.7219190841943447,57.19039579001659,17.46275028374828,12.973518236606942
2022-11-30 00:00:00-05:00,16.91069984436035,565298000,15.845795042963244,15.104240015215929,0.7415550277473155,0.7258462729049389,70.53429338625418,17.605496826671526,13.168872222400738
2022-12-01 00:00:00-05:00,17.122547149658203,470977000,16.04221844399324,15.253744247396838,0.7884741965964004,0.7383718576432312,61.75176840317348,17.67868754215179,13.487334949303289
2022-12-02 00:00:00-05:00,16.863733291625977,371389000,16.168605343629043,15.373002695117515,0.7956026485115277,0.7498180158168906,54.94610200836195,17.657215442108907,13.854398975920882
2022-12-05 00:00:00-05:00,16.597929000854492,352255000,16.234655137048343,15.463737977023959,0.7709171600243838,0.7540378446583893,52.73916570400401,17.654251078556936,14.102946969081001
2022-12-06 00:00:00-05:00,15.975380897521973,352694000,16.194766792505824,15.501637452616404,0.6931293398894205,0.7418561437045955,44.4494811930824,17.57285508353011,14.353186138088542
2022-12-07 00:00:00-05:00,16.10828399658203,372388000,16.181461746979085,15.546574233650894,0.6348875133281915,0.7204624176293147,51.962015085641355,17.513308104889738,14.564796105010167
2022-12-08 00:00:00-05:00,17.156522750854492,515456000,16.331471132190686,15.66582967936968,0.6656414528210064,0.7094982246676531,61.9272980552684,17.31507299412558,15.102436847793363
2022-12-09 00:00:00-05:00,16.988643646240234,465338000,16.432574595890618,15.76381589913787,0.6687586967527483,0.7013503190846722,62.930023575222286,17.406399393336898,15.13652214978444
2022-12-12 00:00:00-05:00,17.522254943847656,457328000,16.600217726345548,15.894070643190446,0.706147083155102,0.7023096718987581,66.7984185730648,17.597599707331206,15.066451253209564
2022-12-13 00:00:00-05:00,18.058868408203125,656589000,16.824625523554406,16.054426033191387,0.7701994903630194,0.7158876355916104,65.84924648475825,17.902749950435393,14.939288681003816
2022-12-14 00:00:00-05:00,17.66115379333496,496888000,16.95332218044372,16.173442904313134,0.7798792761305862,0.7286859636994055,59.13237298906177,18.05195277889024,14.891238654062642
2022-12-15 00:00:00-05:00,16.93967628479004,478542000,16.951222811881614,16.230200932496608,0.7210218793850061,0.7271531468365257,55.03062160086516,18.0929396924668,14.954782265693602
2022-12-16 00:00:00-05:00,16.5589542388916,478232000,16.890873800652383,16.254553029266607,0.6363207713857761,0.7089866717463758,55.53454812696288,18.08440191951046,15.053055737349892
2022-12-19 00:00:00-05:00,16.2421817779541,354039000,16.79107502792957,16.253636640280494,0.5374383876490754,0.6746770149269157,54.4939437208369,18.03295598466363,15.189333577561712
2022-12-20 00:00:00-05:00,16.073307037353516,403260000,16.68064918322556,16.240278891915533,0.44037029131002825,0.6278156702035382,42.735783622367634,17.959423771723984,15.340001353398089
2022-12-21 00:00:00-05:00,16.489004135131836,325025000,16.65116532967268,16.25870298400563,0.39246234566704885,0.5807450052962404,44.69187331283971,17.951956203250866,15.3941449854088
2022-12-22 00:00:00-05:00,15.327850341796875,565045000,16.447578408461016,16.18975093643461,0.2578274720264062,0.5161614986422736,38.821829474960744,18.02707670573911,15.2015323793439
2022-12-23 00:00:00-05:00,15.194947242736816,349326000,16.254865921426525,16.116061773938476,0.1388041474880488,0.4406900284114286,39.587657556490164,18.104371448082343,15.018331055122
2022-12-27 00:00:00-05:00,14.110737800598145,464902000,15.925000056683697,15.967519257394748,-0.04251920071105175,0.3440481825869326,37.048878062247944,18.34617986108021,14.606451230991325
2022-12-28 00:00:00-05:00,14.025798797607422,351066000,15.632815247595039,15.823688112225318,-0.19087286463027908,0.23706397314349026,35.438808753716245,18.536673524018806,14.256174013975578
2022-12-29 00:00:00-05:00,14.592386245727539,354923000,15.472749247307732,15.732480566558815,-0.25973131925108284,0.13770491466457566,30.776151861344786,18.550658578975224,14.010357599155881
2022-12-30 00:00:00-05:00,14.603379249572754,310490000,15.339000016886967,15.648843431967254,-0.30984341508028734,0.04819524871560306,31.686380051925653,18.506075131403904,13.803024256718656
2023-01-03 00:00:00-05:00,14.304594993591309,401277000,15.179860782533789,15.549269473569035,-0.36940869103524676,-0.035325539234566904,24.371248979281788,18.491413601900913,13.56177195641818
2023-01-04 00:00:00-05:00,14.738279342651367,431324000,15.111925176398032,15.489196130538097,-0.37727095414006584,-0.1037146222156667,23.11051787288055,18.447499487331864,13.419721105166913
2023-01-05 00:00:00-05:00,14.254631996154785,389168000,14.980033917899071,15.397746935398592,-0.41771301749952094,-0.16651430127243755,22.793296055344513,18.470847587236435,13.224298115125626
2023-01-06 00:00:00-05:00,14.848200798034668,405044000,14.959751899458393,15.357039814112376,-0.39728791465398317,-0.21266902394874668,32.94771376910818,18.44178697695402,13.127350405553305
2023-01-09 00:00:00-05:00,15.616641998291016,504231000,15.060811914663411,15.376269605533016,-0.3154576908696054,-0.23322675733291845,42.773962905281046,18.28546537160588,13.1296839356451
2023-01-10 00:00:00-05:00,15.89743709564209,384101000,15.189523480967823,15.414874604800355,-0.22535112383253164,-0.2316516306328411,47.34168826338282,18.162012701502785,13.144015950688377
2023-01-11 00:00:00-05:00,15.98936939239502,353285000,15.312576698110469,15.457429774251812,-0.14485307614134335,-0.21429191973454156,49.344987980345245,17.93403094842528,13.218709148620617
2023-01-12 00:00:00-05:00,16.498998641967773,551409000,15.495103151011593,15.534583023712253,-0.039479872700660223,-0.1793295103277653,50.076865822492174,17.59950252883676,13.397250591585603
2023-01-13 00:00:00-05:00,16.886716842651367,447287000,15.70919756511002,15.63474108437441,0.07445648073561095,-0.12857231211509007,63.607821290068635,17.41655154971552,13.502757875638485
2023-01-17 00:00:00-05:00,17.68913459777832,511102000,16.013803262443606,15.786918381663588,0.2268848807800179,-0.057480873536068476,69.49391817808457,17.59684676555256,13.397408491100272
2023-01-18 00:00:00-05:00,17.364370346069336,439624000,16.22158281377064,15.903766675323272,0.31781613844736967,0.017578528860619152,78.85499247348805,17.750687580402406,13.324109286968199
2023-01-19 00:00:00-05:00,16.7528133392334,452932000,16.30331058691876,15.966659020798096,0.33665156612066305,0.08139313631262794,72.11862744370022,17.82176336800507,13.304096655493467
2023-01-20 00:00:00-05:00,17.826034545898438,564967000,16.53757581137717,16.1043905411759,0.43318527020127107,0.1517515630903566,74.23604888600946,18.119046139323032,13.182086635029998
2023-01-23 00:00:00-05:00,19.17905044555664,655163000,16.94395652432786,16.332143126685583,0.6118133976422762,0.2437639300007405,78.5509183360756,18.698883991339535,12.871253414055971
2023-01-24 00:00:00-05:00,19.250995635986328,496204000,17.29888561842916,16.548354423670823,0.750531194758338,0.34511738295226,81.76333172353169,19.269580706399992,12.692871228414461
2023-01-25 00:00:00-05:00,19.3089542388916,449537000,17.608126944654153,16.752843298872364,0.855283645781789,0.44715063551816586,80.83871366266911,19.769702475819635,12.604150158610294
2023-01-26 00:00:00-05:00,19.787607192993164,489535000,17.94343159824477,16.97764062436279,0.9657909738819797,0.5508787031909287,87.35660825721638,20.25481817504241,12.686721398627022
2023-01-27 00:00:00-05:00,20.350200653076172,542142000,18.313703760526526,17.227459885748967,1.0862438747775585,0.6579517375082546,87.30350285075158,20.762905616211906,12.8110741430044
2023-01-30 00:00:00-05:00,19.148075103759766,488611000,18.44206858256241,17.369727679675695,1.0723409028867152,0.7408295705839468,72.613251414574,20.98328926453263,13.046259380486902
2023-01-31 00:00:00-05:00,19.52280044555664,498017000,18.60833502302306,17.52921455122243,1.0791204718006284,0.8084877508272832,72.93878423391801,21.209725533262137,13.311765231355785
2023-02-01 00:00:00-05:00,20.927780151367188,660477000,18.965172735076003,17.780960151233153,1.18421258384285,0.8836327174303966,76.79461555568918,21.607364236361537,13.57644504403397
2023-02-02 00:00:00-05:00,21.693220138549805,564276000,19.384872335610435,18.07075718733068,1.314115148279754,0.9697292036002682,77.42138298917833,22.11596713754027,13.76333622244508
2023-02-03 00:00:00-05:00,21.08466339111328,429366000,19.646378651841644,18.294009498721984,1.3523691531196604,1.0462571935041467,71.65686452977786,22.302855257977644,14.259451241503559
2023-02-06 00:00:00-05:00,21.073671340942383,452197000,19.865962142472526,18.499910375923495,1.366051766549031,1.1102161081131237,69.01312349456973,22.45594260234615,14.728910951425824
2023-02-07 00:00:00-05:00,22.15688705444336,664150000,20.21841212892958,18.770797537295337,1.4476145916342418,1.1776958048173474,74.8086081459501,22.829303094810836,15.00957496457637
2023-02-08 00:00:00-05:00,22.188858032226562,559651000,20.52155765251373,19.02398720358654,1.497570448927192,1.2416707336393165,79.93616677559028,23.132482971636612,15.335537181409046
2023-02-09 00:00:00-05:00,22.32076644897461,523876000,20.798359005815406,19.268193073615286,1.53016593220012,1.2993697733514773,77.61543001168585,23.36708078307058,15.73407907563303
2023-02-10 00:00:00-05:00,21.249540328979492,550737000,20.867771517071418,19.414959536975598,1.4528119800958201,1.330058214700346,63.17727367521745,23.390238251574626,16.185975775830162
2023-02-13 00:00:00-05:00,21.77216148376465,474919000,21.006908435024222,19.5895670885896,1.4173413464346218,1.347514841047201,65.17500860457154,23.46466983151148,16.600088660004637
2023-02-14 00:00:00-05:00,22.954303741455078,675474000,21.30650771293666,19.83880684065371,1.4677008722829505,1.371552047294351,69.32611258374979,23.778488490252645,16.812786915631147
2023-02-15 00:00:00-05:00,22.747451782226562,420575000,21.528191415904338,20.054262021510958,1.4739293943933802,1.392027516714157,66.15750446103473,23.923640929357237,17.205942620142277
2023-02-16 00:00:00-05:00,21.986007690429688,412026000,21.598624688908238,20.197354293282714,1.4012703956255237,1.3938760924964304,58.739966150279066,23.717753520497094,17.935149464122045
2023-02-17 00:00:00-05:00,21.372453689575195,465888000,21.56382915054931,20.284398693008082,1.2794304575412276,1.37098696550539,62.68228511350292,23.532553822176283,18.474991076810532
2023-02-21 00:00:00-05:00,20.63998794555664,410015000,21.42169973439659,20.310738637641307,1.1109610967552825,1.3189817917553686,56.11998654231543,23.464110420943005,18.68952822804381
2023-02-22 00:00:00-05:00,20.738916397094727,513184000,21.316656144042458,20.342455508711932,0.9742006353305257,1.2500255604704,48.79263468014494,23.386852798477868,18.91557792661979
2023-02-23 00:00:00-05:00,23.646800994873047,1117995000,21.675139967247166,20.587221841020163,1.0879181262270023,1.2176040736217206,59.803429672306855,23.691174227025662,19.045041173670135
2023-02-24 00:00:00-05:00,23.26907730102539,589716000,21.92036109552074,20.78587780102055,1.134483294500189,1.2009799177974143,61.22177023150556,23.88822839773263,19.196134013766393
2023-02-27 00:00:00-05:00,23.483917236328125,452994000,22.16090819410649,20.985732574006295,1.1751756201001946,1.1958190582579704,62.12790559516198,24.12687097887817,19.270863090946047
2023-02-28 00:00:00-05:00,23.199127197265625,455963000,22.32063419459251,21.149687731284764,1.1709464633077467,1.1908445392679257,55.702561067038914,24.098350747775587,19.704488531399218
2023-03-01 00:00:00-05:00,22.681503295898438,460026000,22.376152517870345,21.263155550885777,1.1129969669845678,1.1752750248112542,52.55946093246792,23.972067705395336,20.14664185881365
2023-03-02 00:00:00-05:00,23.297054290771484,389415000,22.51782971370129,21.413814716803238,1.1040149968980515,1.1610230192286137,54.82945163887126,24.08892188402098,20.266715094128433
2023-03-03 00:00:00-05:00,23.872636795043945,412393000,22.72626157236939,21.59594968556181,1.1303118868075792,1.154880792744407,63.64489990788692,24.325807793983163,20.247770849815662
2023-03-06 00:00:00-05:00,23.536882400512695,437429000,22.85097246900682,21.739722479261875,1.1112499897449446,1.1461546321445144,59.36177902760425,24.438947259071213,20.379853285667558
2023-03-07 00:00:00-05:00,23.275026321411133,515154000,22.916211523222866,21.85344868979145,1.0627628334314174,1.1294762724018952,51.885527465742804,24.481656815591347,20.557279227194297
2023-03-08 00:00:00-05:00,24.167530059814453,513573000,23.10872206731388,22.024862124607967,1.0838599427059137,1.120353006462699,57.72579262712023,24.706088798961254,20.5339115443615
2023-03-09 00:00:00-05:00,23.422945022583008,501257000,23.15706406043221,22.128423820754268,1.0286402396779408,1.1020104531057475,57.83187941029156,24.787014885534756,20.576394156823643
2023-03-10 00:00:00-05:00,22.95220375061035,474866000,23.125547089690386,22.18944455629916,0.9361025333912245,1.068828869162843,58.74642748221873,24.814731200962868,20.611821571559105
2023-03-13 00:00:00-04:00,22.953203201293945,421890000,23.099032645321703,22.24601927074322,0.8530133745784845,1.0256657702459713,63.93609938461461,24.785070072519954,20.811848987233464
2023-03-14 00:00:00-04:00,24.049592971801758,474910000,23.245272695549403,22.379617322673482,0.8656553728759206,0.9936636907719613,67.805414370399,24.9122871237732,20.91237508478393
2023-03-15 00:00:00-04:00,24.21450424194336,524486000,23.394385241148473,22.515534872249027,0.878850368899446,0.9707010263974583,54.33106545607149,25.058539696926122,20.892142561679837
2023-03-16 00:00:00-04:00,25.52677345275879,583253000,23.7224449660116,22.73858958191642,0.9838553840951825,0.9733318979370031,65.07462793011956,25.484530128926135,20.744084296733046
2023-03-17 00:00:00-04:00,25.710670471191406,848547000,24.02832581296234,22.958743721862714,1.069582091099626,0.9925819365695278,64.92971348802283,25.87407696854511,20.727003735190237
2023-03-20 00:00:00-04:00,25.885570526123047,432747000,24.314055768833217,23.17554570736348,1.1385100614697379,1.0217675615495698,68.28118185782817,26.178152077786233,20.874240309603902
2023-03-21 00:00:00-04:00,26.184404373168945,547408000,24.60180170796179,23.398424127052774,1.2033775809090166,1.0580895654214593,74.56874605187221,26.34175370837863,21.26508032177274
2023-03-22 00:00:00-04:00,26.4532527923584,797295000,24.8866403363305,23.62470773189023,1.2619326044402719,1.0988581732252218,73.2686889072066,26.455688565276713,21.722579104401024
2023-03-23 00:00:00-04:00,27.175853729248047,564889000,25.23882701216397,23.887755583546365,1.3510714286176047,1.1493008243036984,73.8358622553876,26.992150989808565,21.539021953306673
2023-03-24 00:00:00-04:00,26.764080047607422,454920000,25.473481325309116,24.100816654958294,1.3726646703508223,1.1939735935131233,73.03459720995073,27.340460717140516,21.54021250063292
2023-03-27 00:00:00-04:00,26.516218185424805,361026000,25.63390238071153,24.2797352868447,1.3541670938668275,1.2260122935838642,73.18079161708079,27.596710096824925,21.587193215858182
2023-03-28 00:00:00-04:00,26.395286560058594,356104000,25.751038408303383,24.43644278856425,1.3145956197391335,1.243728958814918,67.90932498209045,27.784458897212282,21.719060351750123
2023-03-29 00:00:00-04:00,26.96896743774414,393694000,25.938412105140422,24.62403720702202,1.3143748981184018,1.257858146675615,79.3125630473233,27.988782068921385,21.943483594225587
2023-03-30 00:00:00-04:00,27.36774444580078,364516000,26.15830938831894,24.82727478026489,1.3310346080540505,1.272493438951302,86.93977563101186,28.266400055915224,22.07293462273468
2023-03-31 00:00:00-04:00,27.761524200439453,433933000,26.404957820952866,25.04462658916671,1.3603312317861551,1.2900609975182729,87.74515044338418,28.60303910526851,22.125184313920943
2023-04-03 00:00:00-04:00,27.949417114257812,398716000,26.642566942999782,25.259796257691978,1.3827706853078041,1.3086029350761792,85.70640718238701,28.899842783118636,22.269634107445327
2023-04-04 00:00:00-04:00,27.437705993652344,368592000,26.76489602771556,25.421122904800153,1.3437731229154082,1.3156369726440251,77.74910359422753,29.018899093661474,22.56684576412661
2023-04-05 00:00:00-04:00,26.866024017333984,515015000,26.78045417996455,25.528152616839698,1.2523015631248526,1.3029698907401908,63.214972802284976,29.092744993027683,22.762849260512358
2023-04-06 00:00:00-04:00,27.02193832397461,397654000,26.81760558673533,25.638803409960804,1.178802176774525,1.2781363479470575,63.01070482583935,29.07619400201212,23.13929958166708
2023-04-10 00:00:00-04:00,27.563634872436523,395279000,26.93237932299705,25.78138351829234,1.15099580470471,1.2527082392985882,65.52043137389111,28.972281455877678,23.70435523998414
2023-04-11 00:00:00-04:00,27.153865814208984,314378000,26.966454167798886,25.883048873545427,1.0834052942534598,1.2188476502895627,58.7862559659528,28.664863139479383,24.431839817673936
2023-04-12 00:00:00-04:00,26.480241775512695,446259000,26.89165226129332,25.92728538480226,0.9643668764910593,1.167951495529862,50.227882218873866,28.431679941791838,24.908087895732574
2023-04-13 00:00:00-04:00,26.44825553894043,353615000,26.82343738093134,25.965875766590273,0.8575616143410656,1.1058735192921028,43.045431823095875,28.120415632844818,25.442727334379306
2023-04-14 00:00:00-04:00,26.743093490600586,395660000,26.811076782418915,26.023447449850295,0.7876293325686206,1.0422246819474064,49.79481852917538,28.044787112712875,25.639987858295427
2023-04-17 00:00:00-04:00,26.986957550048828,321471000,26.838135362054288,26.09481856838352,0.7433167936707683,0.9824431042920788,54.605927390714136,27.98480276260971,25.827600916284332
2023-04-18 00:00:00-04:00,27.65158462524414,604812000,26.963281402545036,26.21013457259542,0.7531468299496176,0.9365838494235866,61.11012528666688,28.008511959815177,25.980493128990975
2023-04-19 00:00:00-04:00,27.915437698364258,358660000,27.109766986517222,26.336453322652368,0.7733136638648546,0.9039298123118403,58.85542274028545,28.09941826419016,26.062690157135524
2023-04-20 00:00:00-04:00,27.08890151977539,427713000,27.106556914710787,26.39219022614296,0.714366688567825,0.8660171875630374,47.58442627934828,28.08743884770795,26.138234446359434
2023-04-21 00:00:00-04:00,27.103891372680664,345103000,27.106146831321535,26.444908829590197,0.6612380017313377,0.8250613503966975,43.90288585901848,28.083392393811078,26.135084664599564
2023-04-24 00:00:00-04:00,27.026933670043945,339282000,27.09396019112498,26.48802178073492,0.6059384103900634,0.7812367623953707,41.267750328149745,28.083939149324426,26.16082327132987
2023-04-25 00:00:00-04:00,26.226381301879883,378527000,26.960486515856505,26.468641004523434,0.49184551133307153,0.7233585121829109,39.128087262488314,28.115544474748898,26.100234257550905
2023-04-26 00:00:00-04:00,26.940982818603516,406337000,26.95748594704835,26.503629287047886,0.453856660000465,0.6694581417464218,50.65594412223994,28.08973858246167,26.180609775692623
2023-04-27 00:00:00-04:00,27.210830688476562,377161000,26.99646206111423,26.556014576042603,0.44044748507162623,0.6236560104114628,51.62063038224582,28.09909019509454,26.195444488133
2023-04-28 00:00:00-04:00,27.733543395996094,292216000,27.109859189557593,26.643238933076194,0.4666202564813986,0.59224885962545,51.462519820467364,28.148759474339357,26.18235510390771
2023-05-01 00:00:00-04:00,28.893896102905273,570329000,27.384326406995697,26.80995427898946,0.5743721280062388,0.5886735133016079,63.2637536947675,28.44989317043963,25.994458598054024
2023-05-02 00:00:00-04:00,28.19428253173828,402730000,27.50893504157148,26.91249711252641,0.5964379290450701,0.5902263964503004,63.01407833086322,28.49705964770724,25.97177866253446
2023-05-03 00:00:00-04:00,27.786510467529297,383387000,27.551638953257296,26.977238842526624,0.5744001107306715,0.5870611393063746,59.612355331265,28.535779024167304,25.96793973346209
2023-05-04 00:00:00-04:00,27.546646118164062,321850000,27.550870824781413,27.019417159240508,0.531453665540905,0.5759396445532807,55.81766395300056,28.56281143825777,26.008969529454628
2023-05-05 00:00:00-04:00,28.664020538330078,361494000,27.722124626865824,27.14123963176566,0.5808849951001633,0.5769287146626573,60.77851710560511,28.777716765216468,25.958272423931483
2023-05-08 00:00:00-04:00,29.13475799560547,344979000,27.939452837441156,27.28890765871676,0.6505451787243963,0.5916520074750051,59.77602922311237,29.0622311676661,25.830870333798742
2023-05-09 00:00:00-04:00,28.55508041381836,314869000,28.03416477226842,27.38269823316873,0.6514665390996903,0.6036149137999421,54.04755680401399,29.19899786039504,25.83422510103074
2023-05-10 00:00:00-04:00,28.86890983581543,369350000,28.16258708973719,27.49278798151293,0.6697991082242609,0.616851752684806,62.04517769288493,29.347546261577374,25.924543505878678
2023-05-11 00:00:00-04:00,28.562076568603516,322149000,28.224047009562778,27.57199454351964,0.6520524660431377,0.6238918953564724,59.49249462305245,29.4047803709144,26.078691499507965
2023-05-12 00:00:00-04:00,28.32421112060547,274222000,28.239456872800115,27.62771428997044,0.6117425828296739,0.6214620328511127,58.27172835677497,29.433514179234407,26.208069454188447
2023-05-15 00:00:00-04:00,28.936870574951172,293926000,28.346751288515662,27.724688829598644,0.6220624589170178,0.6215821180642938,67.70695517928411,29.554354183129647,26.282220752783438
2023-05-16 00:00:00-04:00,29.196725845336914,449405000,28.477516604949702,27.83372860854222,0.6437879964074824,0.6260232937329315,65.66706770734116,29.72201303385226,26.269076024070106
2023-05-17 00:00:00-04:00,30.16118621826172,432535000,28.736542699305396,28.00613287592885,0.7304098233765473,0.6469005996616547,68.6882569727758,30.086119977129517,26.129543932782592
2023-05-18 00:00:00-04:00,31.660348892211914,748725000,29.18635903667563,28.276815543801668,0.9095434928739614,0.6994291783041161,72.13517357941626,30.81269027010136,25.860118377054402
2023-05-19 00:00:00-04:00,31.246580123901367,473908000,29.50331612701805,28.496798105290534,1.0065180217275156,0.7608469469887961,64.48077501033097,31.26649783007364,25.82057969220419
2023-05-22 00:00:00-04:00,31.158632278442383,372000000,29.7579801503141,28.693971007005484,1.064009143308617,0.8214793862527603,69.73126569978146,31.611995745967373,25.8882516371503
2023-05-23 00:00:00-04:00,30.6709041595459,356253000,29.898429997888222,28.840410499786255,1.0580194981019666,0.8687874086226016,68.99685976155895,31.695985684211,26.248713984673277
2023-05-24 00:00:00-04:00,30.520984649658203,721419000,29.994207636622065,28.964897473850844,1.0293101627712211,0.9008919594523256,69.82411392092881,31.781835585877907,26.520864266111836
2023-05-25 00:00:00-04:00,37.958839416503906,1543911000,31.219535602757734,29.631115395528848,1.5884202072288858,1.0383976090076377,83.622548009029,34.29761326510652,25.07988745968596
2023-05-26 00:00:00-04:00,38.9243049621582,714397000,32.40488473497319,30.319499807871765,2.0853849271014226,1.2477950726263947,84.18847450509882,36.33725446178822,24.159322419620473
2023-05-30 00:00:00-04:00,40.08865737915039,923401000,33.58700360330814,31.04314110944796,2.543862493860182,1.5070085568731522,88.69885561920053,38.27502065021548,23.341032358817724
2023-05-31 00:00:00-04:00,37.812923431396484,1002580000,34.23714511532173,31.544606466629332,2.6925386486923983,1.7441145752370015,76.51868422906949,39.26856437315929,23.30935272583973
2023-06-01 00:00:00-04:00,39.747840881347656,635873000,35.084944463941106,32.152253460312174,2.932691003628932,1.9818298609153877,80.24537873858739,40.527004294134855,23.247045846246
2023-06-02 00:00:00-04:00,39.305091857910156,482731000,35.734197909167115,32.682093341615726,3.052104567551389,2.195884802242588,79.36602195995059,41.464528084038655,23.48536663031681
2023-06-05 00:00:00-04:00,39.14917755126953,396094000,36.25957939256749,33.161136616404896,3.0984427761625923,2.376396397026589,77.99452343237277,42.27151744313751,23.726892972511905
2023-06-06 00:00:00-04:00,38.63246154785156,388729000,36.62463818568811,33.566419944660204,3.058218241027909,2.512760765826853,75.50655095547937,42.884881878482375,24.06329889239164
2023-06-07 00:00:00-04:00,37.45799255371094,511998000,36.75284654999932,33.85468458236767,2.8981619676316512,2.5898410061878128,69.50319024912879,43.19155993497495,24.64691204988833
2023-06-08 00:00:00-04:00,38.492530822753906,417772000,37.02049028426926,34.1982287483222,2.8222615359470566,2.636325112139662,68.72643858528889,43.56745738290553,25.233376700651608
2023-06-09 00:00:00-04:00,38.752410888671875,427717000,37.28693960802351,34.535575573533286,2.751364034490223,2.659332896609774,70.74788111755898,43.84037809411032,25.979489421453653
2023-06-12 00:00:00-04:00,39.464088439941406,388701000,37.62188558216472,34.90065060067463,2.721234981490092,2.6717133135858377,72.1929602903358,44.05075219265012,26.883103054847442
2023-06-13 00:00:00-04:00,41.003387451171875,613208000,38.14211663893505,35.35270518219294,2.7894114567421084,2.695252942217092,76.1403348601333,44.41443405518609,27.72607287993354
2023-06-14 00:00:00-04:00,42.97749710083008,740465000,38.88602132538044,35.91750458357347,2.9685167418069724,2.749905702135068,78.85097931112477,44.98875848091632,28.52982557975263
2023-06-15 00:00:00-04:00,42.63365173339844,568622000,39.462579849690904,36.414996965041986,3.047582884648918,2.809441138637838,66.12708544549338,45.39454557061508,29.37128504156753
2023-06-16 00:00:00-04:00,42.672630310058594,655709000,39.95643376667055,36.87852536096914,3.0779084057014074,2.863134592050552,63.81394354930544,45.80157727189517,30.065481482072116
2023-06-20 00:00:00-04:00,43.788124084472656,451153000,40.54592458479395,37.39034748863607,3.1555770961578844,2.921623092872019,63.68315796810551,46.17984561138886,30.941367538635554
2023-06-21 00:00:00-04:00,43.02547073364258,551603000,40.927393223078354,37.807764025303214,3.11962919777514,2.961224313852643,71.70946477108146,46.17055304946875,32.13734394607569
2023-06-22 00:00:00-04:00,43.0054817199707,417737000,41.247099145677176,38.19278015083414,3.0543189948430367,2.979843250050722,66.14241724839941,45.737615919987576,33.80373883159933
2023-06-23 00:00:00-04:00,42.189849853515625,358140000,41.39213771611386,38.488859388069805,2.9032783280440526,2.9645302656493886,63.78526241184397,44.52439509988488,36.183846172087776
2023-06-26 00:00:00-04:00,40.613563537597656,594322000,41.27235707326521,38.64624488062742,2.626112192637791,2.896846651047069,56.161390290080334,44.50224064714795,36.47147303693408
2023-06-27 00:00:00-04:00,41.85700225830078,462175000,41.36230248634761,38.884078760455075,2.4782237258925335,2.813122066016162,62.785354562042905,44.62272466698971,36.64425874670658
2023-06-28 00:00:00-04:00,41.098350524902344,582639000,41.32169449227911,39.04809889115487,2.273595601124235,2.705216773037777,64.92626164166387,44.669732012295704,36.698220715975786
2023-06-29 00:00:00-04:00,40.8034782409668,380514000,41.24196891515414,39.17812699114094,2.0638419240131967,2.576941803232861,60.08723831585692,44.58313828368346,37.08386992554505
2023-06-30 00:00:00-04:00,42.282806396484375,501148000,41.402097758435715,39.4081032433886,1.9939945150471132,2.4603523455957115,63.9274277046062,44.72670689792272,37.19379786281947
2023-07-03 00:00:00-04:00,42.39375686645508,198209000,41.554660698131,39.62926277102316,1.925397927107845,2.3533614618981384,62.13261093275425,44.8485347647136,37.380836496883084
2023-07-05 00:00:00-04:00,42.29780197143555,323618000,41.66899012479324,39.826932341424076,1.8420577833691638,2.2511007261923437,56.08839178666487,44.921589486046614,37.62264421756667
2023-07-06 00:00:00-04:00,42.083900451660156,303582000,41.73282248277277,39.994115164404526,1.7387073183682418,2.1486220446275235,44.962801225351164,44.88926289418308,38.000114699811064
2023-07-07 00:00:00-04:00,42.48371505737305,355881000,41.84834441732666,40.178529971291084,1.6698144460355735,2.0528605249091334,49.16010757802847,44.60809533527048,38.78385450908988
2023-07-10 00:00:00-04:00,42.160858154296875,353908000,41.89642345378361,40.32536909595818,1.5710543578254317,1.956499291492393,47.22159632191526,44.37415828462305,39.3846242928916
2023-07-11 00:00:00-04:00,42.38575744628906,298244000,41.97170560647676,40.47799045524195,1.4937151512348095,1.8639424634408766,41.571534952651184,44.08104747173913,40.04106976153724
2023-07-12 00:00:00-04:00,43.882080078125,481277000,42.26560937134572,40.73014524212218,1.5354641292235414,1.7982467965974096,54.73113309115303,44.05767858246085,40.50623781463388
2023-07-13 00:00:00-04:00,45.95614242553711,478204000,42.83338368737516,41.117256144597356,1.716127542777805,1.7818229458334889,63.28292163897423,44.85184604371947,40.207345850811784
2023-07-14 00:00:00-04:00,45.448368072509766,772075000,43.23568897739587,41.438079250368645,1.797609727027222,1.7849803020722357,65.08696986813135,45.31394156260289,39.992337429096324
2023-07-17 00:00:00-04:00,46.439918518066406,510488000,43.728647368268255,41.8085858627907,1.9200615054775554,1.8119965427532998,78.52036010842392,45.99720760748054,39.68969806268547
2023-07-18 00:00:00-04:00,47.47245407104492,569164000,44.3046176302339,42.228131655994716,2.0764859742391835,1.8648944290504768,78.06750507464486,46.85287397393813,39.314014072326515
2023-07-19 00:00:00-04:00,47.055641174316406,427502000,44.72785202163121,42.585724953648175,2.142127067983033,1.920340956836988,80.82961535728106,47.40776114396154,39.085878611287484
2023-07-20 00:00:00-04:00,45.49934387207031,537865000,44.846543075544915,42.801548577234996,2.0449944983099186,1.9452716651315742,71.49519018374912,47.64916727118627,39.09185979790553
2023-07-21 00:00:00-04:00,44.28889465332031,963769000,44.760751010587285,42.911722360648724,1.8490286499385604,1.9260230620929715,59.41455747190227,47.72875568201811,39.140612680408644
2023-07-24 00:00:00-04:00,44.591766357421875,382516000,44.73475337163876,43.0361700641134,1.698583307525361,1.8805351111794495,60.132714743491675,47.83659600754676,39.27296400527062
2023-07-25 00:00:00-04:00,45.65827560424805,348081000,44.876833715117115,43.230400104123376,1.6464336109937392,1.8337148111423076,64.21922182701428,47.951453548728686,39.66257767075374
2023-07-26 00:00:00-04:00,45.43138122558594,364237000,44.962148716727704,43.393435742750235,1.568712973977469,1.78071444370934,64.14868793759061,48.084128082302826,39.887341033908115
2023-07-27 00:00:00-04:00,45.87917709350586,455976000,45.103230005462805,43.5775647316951,1.5256652737677072,1.7297046097210136,64.2935140430042,48.168865748110214,40.28068602496108
2023-07-28 00:00:00-04:00,46.72879409790039,331194000,45.35331678891474,43.81098912919179,1.5423276597229503,1.692229219721401,68.41257457168277,48.26831083788845,40.77377252087619
2023-07-31 00:00:00-04:00,46.70779800415039,251055000,45.56169851433561,44.02556756437391,1.5361309499617022,1.6610095657694615,67.71257095599674,48.455505293904324,41.02907722562692
2023-08-01 00:00:00-04:00,46.485897064208984,237858000,45.703882906623825,44.20781419399132,1.496068712632507,1.6280213951420706,61.91561841112519,48.564983530515235,41.3288130087914
2023-08-02 00:00:00-04:00,44.24891662597656,530142000,45.4800419403704,44.21085881858282,1.2691831217875773,1.556253740471172,42.302155105539875,48.461414618376786,41.627493386383954
2023-08-03 00:00:00-04:00,44.49480438232422,324176000,45.32846693144022,44.23189182330441,1.0965751081358093,1.4643180140040997,45.596402583414694,48.30072907394517,42.029269323881984
2023-08-04 00:00:00-04:00,44.659725189208984,362666000,45.22558358648157,44.26358318374179,0.9620004027397826,1.3638544917512363,41.09945097638318,48.15879081033707,42.38880860067367
2023-08-07 00:00:00-04:00,45.396392822265625,322154000,45.25186193044835,44.347495008817624,0.9043669216307251,1.2719569777271342,39.303727236170715,47.92074358133767,42.95040929646995
2023-08-08 00:00:00-04:00,44.64374542236328,353843000,45.158305544589105,44.36943948389508,0.7888660606940263,1.1753387943205127,37.98908831172779,47.62120298524927,43.47574869016577
2023-08-09 00:00:00-04:00,42.53469467163086,586449000,44.75467310259553,44.233532460764394,0.5211406418311384,1.044499163822638,36.00681469285808,47.84852441018586,43.11368872457976
2023-08-10 00:00:00-04:00,42.3687744140625,492705000,44.38761176589814,44.09540223508277,0.29220953081537004,0.8940412372211844,39.945603973275,48.03321786239252,42.57025847122564
2023-08-11 00:00:00-04:00,40.83646774291992,533085000,43.841281916209184,43.85399968010775,-0.012717763898564272,0.7126894369972347,32.579024730189886,48.451996972782894,41.690289327876286
2023-08-14 00:00:00-04:00,43.73314666748047,690286000,43.824645724097074,43.84504760509832,-0.020401881001248512,0.5660711733975381,42.3656072088034,48.30262963071155,41.56897948488904
2023-08-15 00:00:00-04:00,43.92006301879883,676512000,43.83932530789735,43.85060430240947,-0.011278994512124996,0.4506011398156055,43.98757277215748,47.93075970595103,41.58561030442495
2023-08-16 00:00:00-04:00,43.466270446777344,527451000,43.781932252340425,43.8221351279182,-0.040202875577776354,0.35244033673692915,40.405391179674744,47.60687911715111,41.55055382047097
2023-08-17 00:00:00-04:00,43.32433319091797,452395000,43.71153239673697,43.78526091036263,-0.07372851362566024,0.2672065666644113,35.65528541426707,47.515092909441734,41.4248389600651
2023-08-18 00:00:00-04:00,43.279354095458984,583768000,43.64504342730959,43.74778633148088,-0.1027429041712935,0.19321667249727034,35.583369639074945,47.51037884931989,41.32859896440081
2023-08-21 00:00:00-04:00,46.94569396972656,692573000,44.15283581845066,43.984668378758336,0.16816743969232562,0.1882068259362814,51.49917226059302,47.828468408319395,41.24590216663178
2023-08-22 00:00:00-04:00,45.647281646728516,755293000,44.38275056126264,44.1078249171265,0.2749256441361396,0.20555058957625305,54.85662880619618,47.827133908842924,41.2461372703563
2023-08-23 00:00:00-04:00,47.094627380371094,779046000,44.799962379587015,44.32906954403351,0.4708928355535065,0.2586190387717037,58.33387952750129,48.08494721461821,41.15464858005953
2023-08-24 00:00:00-04:00,47.1416015625,1156044000,45.160214561573625,44.5374052491051,0.6228093124685259,0.33145709351106817,58.01641259532757,48.2878355296693,41.07800271190785
2023-08-25 00:00:00-04:00,45.99711990356445,925341000,45.28896922957221,44.64553226054653,0.6434369690256787,0.3938530686139903,51.890531483807365,48.17793734117827,41.11473348096528
2023-08-28 00:00:00-04:00,46.813751220703125,685192000,45.523551074361585,44.806141072409986,0.717410001951599,0.458564455281512,56.80177250182942,48.19654818128161,41.106717962517216
2023-08-29 00:00:00-04:00,48.76186752319336,701397000,46.02175360495109,45.099157846542084,0.9225957584090025,0.5513707159070101,69.7176838012191,48.68464232782621,40.84622086187106
2023-08-30 00:00:00-04:00,49.24164962768555,735206000,46.51712222383331,45.40600908958975,1.1111131342435598,0.6633191995743201,71.3381112898943,49.40367506566695,40.62646142420122
2023-08-31 00:00:00-04:00,49.33260726928711,528570000,46.95027376928774,45.69686821401178,1.253405555275961,0.7813364707146483,78.97067255511838,50.0403646536967,40.47355212486775
2023-09-01 00:00:00-04:00,48.48699188232422,463830000,47.18669194052412,45.90354404129418,1.283147899229938,0.8816987564177062,68.84609498299274,50.43311256964752,40.463530878228454
2023-09-05 00:00:00-04:00,48.525970458984375,382653000,47.39273478951801,46.09779785001197,1.2949369395060373,0.9643463930353725,68.47633309492133,50.77573508814794,40.43386612339991
2023-09-06 00:00:00-04:00,47.043521881103516,468670000,47.339009726685006,46.16785148194468,1.171158244740326,1.0057087633763633,63.25595281344171,50.913167569775254,40.536411287646615
2023-09-07 00:00:00-04:00,46.22382736206055,433330000,47.167443209050475,46.171997843434745,0.9954453656157298,1.0036560838242365,60.23055476516907,50.87774411096633,40.940748015498514
2023-09-08 00:00:00-04:00,45.555076599121094,473069000,46.919386807522876,46.12629997348559,0.7930868340372896,0.9615422338668472,57.691094828477546,50.755412690443855,41.38170965452685
2023-09-11 00:00:00-04:00,45.161224365234375,473966000,46.64890027794003,46.054812891392906,0.5940873865471232,0.8880512644029025,42.25627840237529,50.30722361682499,42.262374390377154
2023-09-12 00:00:00-04:00,44.853336334228516,349256000,46.37265967121518,45.96581462789925,0.40684504331593274,0.7918100201855086,46.23062228201221,50.24303291027728,42.43858406359968
2023-09-13 00:00:00-04:00,45.46811294555664,398355000,46.23349863649848,45.92894783661461,0.3045507998838701,0.6943581761251809,41.61499551036157,50.17703790962415,42.65938405692859
2023-09-14 00:00:00-04:00,45.56407928466797,370097000,46.13051104390917,45.90192053647041,0.22859050743875997,0.6012046423878967,41.90843261468816,50.044681581178956,43.00152126916284
2023-09-15 00:00:00-04:00,43.883697509765625,506831000,45.78484742327171,45.75242253449228,0.032424888779424066,0.4874486916662022,39.724546682359936,49.973163265206495,43.128976017020065
2023-09-18 00:00:00-04:00,43.94967269897461,500271000,45.50251285030292,45.61888550963912,-0.1163726593362,0.3666844214657218,34.97837392915035,49.88264304596185,43.28652809661627
2023-09-19 00:00:00-04:00,43.50383758544922,373064000,45.19502434801774,45.462215293032465,-0.2671909450147254,0.23990934816963236,17.263768297682034,49.979443679481676,42.845541824668715
2023-09-20 00:00:00-04:00,42.22331619262695,367108000,44.73783847795762,45.22229684115057,-0.48445836319295665,0.09503580589711456,10.265977067695474,50.26261620767207,42.21997275106817
2023-09-21 00:00:00-04:00,41.001766204833984,450736000,44.16305812824629,44.909664942164156,-0.7466068139178645,-0.07329271806588125,8.187889138209641,50.563363717825325,41.309939123361204
2023-09-22 00:00:00-04:00,41.594547271728516,479236000,43.76790261185894,44.664100670280035,-0.896198058421092,-0.23787378613692342,14.506331570711211,50.63384845592776,40.68474895618161
2023-09-25 00:00:00-04:00,42.206321716308594,419091000,43.52765939715889,44.482042969985855,-0.9543835728269627,-0.38117574347493133,19.26897369459853,50.67369676209189,40.26582083129189
2023-09-26 00:00:00-04:00,41.89543533325195,402282000,43.27654800271167,44.290442404301864,-1.0138944015901927,-0.5077194750979837,21.74682556364408,50.621592829380006,39.82609317525866
2023-09-27 00:00:00-04:00,42.45222854614258,444935000,43.14972962477796,44.15427841480858,-1.0045487900306185,-0.6070853380845107,28.68607127766903,50.171304839702785,39.64541726723081
2023-09-28 00:00:00-04:00,43.072998046875,424663000,43.137924766639046,44.07418357273943,-0.9362588061003834,-0.6729200316876853,35.896882350544175,49.50442257985476,39.69543436899778
2023-09-29 00:00:00-04:00,43.482852935791016,397830000,43.190990638816274,44.030381303335844,-0.8393906645195699,-0.7062141582540623,40.480840087633176,48.69391337104186,39.92096814446107
2023-10-02 00:00:00-04:00,44.7653694152832,433298000,43.43320275827273,44.0848248671838,-0.6516221089110701,-0.6952957483854639,49.55074829825949,48.053519929950326,40.189199338848496
2023-10-03 00:00:00-04:00,43.50083541870117,470850000,43.443607782954025,44.041566389518415,-0.59795860656439,-0.6758283200212492,40.57829890164498,47.215667313707826,40.52453845106268
2023-10-04 00:00:00-04:00,44.02465057373047,361821000,43.532998981535016,44.04031336612672,-0.5073143845917016,-0.6421255329353397,42.91760062731267,46.716120027595196,40.72219860643801
2023-10-05 00:00:00-04:00,44.67140579223633,393483000,43.70813849087368,44.087060953245945,-0.378922462372266,-0.589484918822725,54.00487738841335,46.439143787101074,40.84393268994971
2023-10-06 00:00:00-04:00,45.7450065612793,434436000,44.02150280939762,44.20987173902619,-0.18836892962857377,-0.5092617209838948,58.279542123214654,46.477134190449405,40.824935282817194
2023-10-09 00:00:00-04:00,45.256187438964844,409675000,44.2114542908695,44.287376605688316,-0.07592231481881839,-0.4225938397508795,58.04940019555412,46.49286340112603,40.818702379513624
2023-10-10 00:00:00-04:00,45.7809944152832,368582000,44.45292200231776,44.3980149619546,0.05490704036316174,-0.32709366372807125,67.56139740385731,46.64985837874518,40.754473209999944
2023-10-11 00:00:00-04:00,46.78861999511719,378137000,44.81226015505614,44.57509681626294,0.23716333879319507,-0.214242263223818,79.18133919657438,46.93355229581281,40.60282999788836
2023-10-12 00:00:00-04:00,46.92756271362305,481325000,45.137691317912584,44.74935354940073,0.3883377685118532,-0.09372625687668376,78.18273303675319,47.21606129828118,40.4566693383155
2023-10-13 00:00:00-04:00,45.444114685058594,474115000,45.18483337439658,44.80081733722724,0.38401603716934574,0.0018222019325221342,65.66699079806466,47.36987794519412,40.458894408931855
2023-10-16 00:00:00-04:00,46.077884674072266,375099000,45.32222588203899,44.89541491773428,0.426810964304714,0.08681995440696051,69.62476104560002,47.609375947977945,40.4322176036578
2023-10-17 00:00:00-04:00,43.92168426513672,812333000,45.106757940977104,44.82328672124557,0.2834712197315312,0.12615020747187466,55.99510691179835,47.62245274339747,40.46092547620703
2023-10-18 00:00:00-04:00,42.18033218383789,627294000,44.65653859372492,44.62751231106723,0.02902628265768925,0.10672542250903759,46.66319116576342,47.62494750146484,40.45413231726075
2023-10-19 00:00:00-04:00,42.08536911010742,501233000,44.26097405778376,44.43920540729243,-0.17823134950866404,0.04973406810549727,44.650226554381526,47.51482962462085,40.67261048463208
2023-10-20 00:00:00-04:00,41.37163162231445,477266000,43.81645983694233,44.211977719516284,-0.39551788257395515,-0.039316322030393216,36.41675827531452,47.53923441994583,40.62591412436569
2023-10-23 00:00:00-04:00,42.959041595458984,478530000,43.68454933825258,44.11916763625278,-0.4346182980002027,-0.11837671722435512,47.88613578453552,47.50653088088801,40.73388965133856
2023-10-24 00:00:00-04:00,43.646785736083984,401463000,43.678739553303565,44.08417638438843,-0.40543683108486306,-0.17578873999645672,48.54434191263671,47.438882879132706,40.976672693377054
2023-10-25 00:00:00-04:00,41.763484954833984,398379000,43.38408499969286,43.912273315532545,-0.5281883158396852,-0.24626865516510243,39.77216558085915,47.496594766485174,40.85008644689373
2023-10-26 00:00:00-04:00,40.31102752685547,541001000,42.91130692694865,43.64551436822313,-0.734207441274485,-0.34385641238697895,31.383568908703637,47.75671239058631,40.313771770790645
2023-10-27 00:00:00-04:00,40.484962463378906,416784000,42.538023163322535,43.41139941230875,-0.8733762489862116,-0.44976037970682553,33.29367174092842,47.92812813353271,39.84256698060304
2023-10-30 00:00:00-04:00,41.145713806152344,388028000,42.32382172375789,43.24357084888975,-0.9197491251318652,-0.5437581287918335,33.922735092312124,47.902369679485254,39.5063598737374
2023-10-31 00:00:00-04:00,40.76485824584961,517969000,42.08398118869508,43.059962507923814,-0.9759813192287368,-0.6302027668792142,28.157156298405184,47.96697761122167,39.16815422471583
2023-11-01 00:00:00-04:00,42.309288024902344,437593000,42.11864377888081,43.00435699066296,-0.8857132117821536,-0.681304855859802,34.80266294495078,47.910475242197386,39.053120338857305
2023-11-02 00:00:00-04:00,43.48984146118164,409172000,42.329597268465555,43.04031880329398,-0.7107215348284228,-0.6871881916535262,43.438275464833815,47.815961193395516,39.029477954553705
2023-11-03 00:00:00-04:00,44.98828887939453,424610000,42.738626747070015,43.18461288300513,-0.44598613593511516,-0.638947780509844,46.54231320772898,47.706361896224784,39.06340548353595
2023-11-06 00:00:00-05:00,45.734012603759766,400733000,43.1994553404069,43.373457306764735,-0.17400196635783516,-0.5459586176794423,56.31664277438694,47.778823461782,39.03872643445824
2023-11-07 00:00:00-05:00,45.93793869018555,343165000,43.62076047114208,43.563418890721834,0.05734158042024262,-0.42529857805950533,64.66871296836254,47.80513111652523,39.02811320720524
2023-11-08 00:00:00-05:00,46.556705474853516,346719000,44.07244431786691,43.78514382287974,0.28730049498717136,-0.28277876345017,66.76913938368727,47.7570946948511,39.052958176853004
2023-11-09 00:00:00-05:00,46.93256378173828,540496000,44.51246269692405,44.01828604205445,0.49417665486959805,-0.1273876797862164,71.39781366574867,47.75819741470216,39.05235556381347
2023-11-10 00:00:00-05:00,48.31705093383789,421245000,45.09778396414156,44.336713071075444,0.761070893066119,0.05030403478425068,70.94406268024119,48.351523510604665,38.746323092788884
2023-11-13 00:00:00-05:00,48.60194396972656,384136000,45.63688550346233,44.65265610060516,0.9842294028571743,0.23708910839883543,69.99920863200803,48.87385951549578,38.47639301746321
2023-11-14 00:00:00-05:00,49.63755798339844,416954000,46.252373577298656,45.02190809192318,1.2304654853754755,0.43576438379416343,84.11436787783131,49.805101415723065,38.116738489062094
2023-11-15 00:00:00-05:00,48.86984634399414,475497000,46.65506169525181,45.306940555039546,1.348121140212264,0.6182357350777835,89.41993230077907,50.46703292792953,38.123758392871245
2023-11-16 00:00:00-05:00,49.461631774902344,339756000,47.08684170750574,45.61469546021457,1.472146247291171,0.7890178375204611,89.81207027231878,51.15320469134535,38.17521289593492
2023-11-17 00:00:00-05:00,49.27969741821289,325205000,47.42420412453761,45.886177086732964,1.5380270378046461,0.9388196775772981,87.67481989270775,51.66652022957677,38.45270393729334
2023-11-20 00:00:00-05:00,50.390281677246094,414120000,47.88052374803122,46.219814463808014,1.6607092842232092,1.0831975989064804,91.75991804404636,52.36827256987427,38.49407560517455
2023-11-21 00:00:00-05:00,49.925453186035156,565747000,48.195128276954904,46.49430622101002,1.700822055944883,1.206722490314161,86.45802746698104,52.90683707336993,38.58337784667401
2023-11-22 00:00:00-05:00,48.697906494140625,899420000,48.272478771906556,46.65753587087155,1.6149429010350076,1.2883665724583304,74.81896552664426,53.11195984131762,39.071697232656994
2023-11-24 00:00:00-05:00,47.758262634277344,294645000,48.19336859688668,46.73907118667938,1.454297410207296,1.3215527400081237,63.942862321790386,52.9640191728961,39.96436141182069
2023-11-27 00:00:00-05:00,48.22408676147461,395662000,48.198094468361745,46.84907234036792,1.3490221279938268,1.3270466176052644,62.89738882201802,52.7454488662034,40.956844148322965
2023-11-28 00:00:00-05:00,47.80324172973633,401491000,48.137347893188604,46.919751554395205,1.217596338793399,1.3051565618428915,59.449047439057665,52.43892919278612,41.929116614098646
2023-11-29 00:00:00-05:00,48.122127532958984,382005000,48.13500629930712,47.008816441696226,1.1261898576108962,1.2693632209964925,58.17842073249964,51.8593971973766,43.244375538219096
2023-11-30 00:00:00-05:00,46.752628326416016,526247000,47.92233276501618,46.989839544268065,0.932493220748114,1.2019892209468168,49.148362173840354,51.337062097517496,44.21104466822957
2023-12-01 00:00:00-05:00,46.74763107299805,369317000,47.74160942778262,46.97189817602584,0.7697112517567817,1.1155336271088099,41.45623640291964,50.92709543969776,44.94679028723095
2023-12-04 00:00:00-05:00,45.49309539794922,437543000,47.39568419242364,46.86235722950165,0.5333269629219899,0.999092294271446,34.69186347051999,50.854455931658165,45.06991044712602
2023-12-05 00:00:00-05:00,46.55280303955078,371718000,47.266010168904735,46.83942728950529,0.4265828793994473,0.8845904112970463,34.846457595941516,50.78361812457625,45.22262729778703
2023-12-06 00:00:00-05:00,45.4901008605957,380590000,46.992793352241804,46.739477183660135,0.2533161685816694,0.758335562753971,33.86497557109442,50.83742198177389,45.1240396576304
2023-12-07 00:00:00-05:00,46.582794189453125,350823000,46.92971655796662,46.7278710359411,0.20184552202552197,0.6470375546082812,36.88364406909277,50.83601107824857,45.12805943261569
2023-12-08 00:00:00-05:00,47.49253463745117,359224000,47.0163039548104,46.784512784201105,0.23179117060929144,0.5639882778084833,42.36387972687603,50.8314607458807,45.188606850554855
2023-12-11 00:00:00-05:00,46.61378479003906,509728000,46.95437792946096,46.771866266115026,0.1825116633459345,0.48769295491597353,33.537789123745696,50.809396670970806,45.04034431108486
2023-12-12 00:00:00-05:00,47.643489837646484,372387000,47.06039514610489,46.83643097511736,0.22396417098752863,0.4349471981302846,40.51953090455773,50.745915999968,45.007979568879655
2023-12-13 00:00:00-05:00,48.07437515258789,447792000,47.2163920701792,46.92813054381888,0.28826152636031566,0.40561006377629083,47.22589282107802,50.5484948747868,45.04908241097981
2023-12-14 00:00:00-05:00,48.3362922668457,391232000,47.388684408127894,47.032438819598646,0.3562455885292479,0.39573716872688225,52.73670442465217,50.488211559881336,45.05601031817042
2023-12-15 00:00:00-05:00,48.87614059448242,479948000,47.61752382141321,47.16900932144189,0.4485144999713171,0.40629263497576923,53.065686308973376,50.39411107230126,45.091561687708506
2023-12-18 00:00:00-05:00,50.06280517578125,412587000,47.993720952854446,47.38336456991147,0.6103563829429746,0.44710538456921034,59.90990373023184,50.549419742362566,45.01456379340403
2023-12-19 00:00:00-05:00,49.58993911743164,464444000,48.239292978174014,47.54681453639444,0.6924784417795706,0.49617999601128243,56.35168140996901,50.37024577578849,45.11370350399666
2023-12-20 00:00:00-05:00,48.09735870361328,397894000,48.2174569359339,47.58759558581806,0.6298613501158457,0.522916266832195,55.75773770576416,50.07863894832089,45.22250088322208
2023-12-21 00:00:00-05:00,48.97611618041992,300425000,48.33417374277791,47.690448963195976,0.6437247795819303,0.5470779693821421,58.87746933222947,50.12083650693097,45.20812429323993
2023-12-22 00:00:00-05:00,48.816162109375,252507000,48.40832579917746,47.7738351221722,0.6344906770052603,0.5645605109067658,64.5026310847581,50.227213841042165,45.2075369066385
2023-12-26 00:00:00-05:00,49.26502990722656,244200000,48.540126431185016,47.88429399513919,0.6558324360458272,0.5828148959345781,62.50342923948964,50.36520548236115,45.17363957989471
2023-12-27 00:00:00-05:00,49.402992248535156,233648000,48.672875018469654,47.99679016205741,0.6760848564122455,0.6014688880301117,69.71986491749978,50.54620618988539,45.15261392425035
2023-12-28 00:00:00-05:00,49.507965087890625,246587000,48.801350413765185,48.10872904545246,0.6926213683127216,0.6196993840866337,66.37197163275624,50.71440436030822,45.12299950932068
2023-12-29 00:00:00-05:00,49.507965087890625,389293000,48.910060363630635,48.21237615970714,0.6976842039234938,0.6352963480540058,62.55918470000328,50.88162672553425,45.231310820242115
2024-01-02 00:00:00-05:00,48.15434646606445,411254000,48.79379668708199,48.20807766388176,0.5857190232002338,0.6253808830832515,59.06362033110743,50.88398805707835,45.369621028004666
2024-01-03 00:00:00-05:00,47.55551528930664,320896000,48.60329185665502,48.15973971020953,0.4435521464454908,0.5890151357556994,49.45477482214339,50.71300758603671,45.74684348818204
2024-01-04 00:00:00-05:00,47.984397888183594,306535000,48.50807739996711,48.1467514270965,0.36132597287060975,0.5434773031786815,49.44222446191108,50.6604581675442,45.94255239153784
2024-01-05 00:00:00-05:00,49.08308029174805,415039000,48.59653938331802,48.21610912077439,0.38043026254362644,0.5108678950516705,54.19426549898146,50.45431727903362,46.50799122316364
2024-01-08 00:00:00-05:00,52.23818588256836,642510000,49.156792690894996,48.51404073275913,0.642751958135868,0.5372447076685101,64.59506615423138,51.16593446662756,46.36191320488123
2024-01-09 00:00:00-05:00,53.12493896484375,773100000,49.76727673304096,48.855588749950584,0.9116879830903741,0.6121333627528829,63.64850674400005,52.06204900509455,46.02903909915349
2024-01-10 00:00:00-05:00,54.3345947265625,533796000,50.46994103973658,49.26144104451443,1.2084999952221551,0.7314066892467374,69.8444365095396,53.0532080217184,45.809961076182
2024-01-11 00:00:00-05:00,54.806461334228516,596759000,51.137098008119956,49.672183288196955,1.4649147199230015,0.8781082953819902,80.68025255219433,54.03059583331058,45.54887041424802
2024-01-12 00:00:00-05:00,54.694488525390625,352994000,51.68438885693083,50.04420589835945,1.6401829585713799,1.0305232280198682,78.12187294930196,54.80781466240062,45.433662922438245
2024-01-16 00:00:00-05:00,56.36602020263672,449580000,52.40463983319327,50.51248843941703,1.8921513937762455,1.2028488611711436,82.32318646206993,55.89166493173809,45.15278544667987
2024-01-17 00:00:00-05:00,56.037113189697266,474394000,52.96348188804004,50.921719902400746,2.0417619856392974,1.3706314860647746,79.29420423061627,56.721814958367354,45.0387326795721
2024-01-18 00:00:00-05:00,57.090816497802734,491650000,53.59845644338815,51.378690020578674,2.219766422809478,1.5404584734137154,80.81419866175797,57.68017567029724,44.78317309984437
2024-01-19 00:00:00-05:00,59.47414016723633,543501000,54.50240778551864,51.978352994405164,2.5240547911134783,1.737177736953668,83.77715381033143,59.09406821552731,44.35770065959476
2024-01-22 00:00:00-05:00,59.63709259033203,452955000,55.29235929395147,52.5456670385479,2.7466922554035733,1.9390806406436492,83.95438563468201,60.258549281676686,44.34719298211726
2024-01-23 00:00:00-05:00,59.85603332519531,294654000,55.99446299106591,53.08717565237363,2.907287338692278,2.132721980253375,92.45553453365757,61.31607065723667,44.37766332103481
2024-01-24 00:00:00-05:00,61.344608306884766,560271000,56.817562270422656,53.69883733048557,3.1187249399370884,2.329922572190118,96.99485890860755,62.5207911773768,44.425787420645655
2024-01-25 00:00:00-05:00,61.59952926635742,482777000,57.553249500566466,54.28407377017978,3.269175730386685,2.5177732038294316,96.95879743376331,63.5994717622773,44.580556771658244
2024-01-26 00:00:00-05:00,61.013702392578125,390309000,58.08562686856826,54.78256477924632,3.3030620893219407,2.6748309809279336,92.65800851157623,64.39052720720323,44.950572341136606
2024-01-29 00:00:00-05:00,62.44729232788086,348733000,58.75665232384712,55.35032237544147,3.4063299484056486,2.8211307744234766,91.62727800442116,65.30934912538967,45.32568314694919
2024-01-30 00:00:00-05:00,62.756202697753906,410735000,59.371967765986625,55.898906103020174,3.473061662966451,2.9515169521320717,91.21322151516061,66.10578689061084,45.85406914271435
2024-01-31 00:00:00-05:00,61.50955581665039,453795000,59.70082746608874,56.3145097855113,3.3863176805774415,3.0384770978211457,80.6055458194818,66.35336573058788,46.94201123779592
2024-02-01 00:00:00-05:00,63.00913619995117,369146000,60.209798040529115,56.81040803843277,3.3993900020963466,3.110659678676186,82.168911612621,66.51994146905234,48.32079759039589
2024-02-02 00:00:00-05:00,66.14125061035156,476578000,61.12232920511718,57.5015815622786,3.6207476428385803,3.212677271508665,86.293937471909,67.08027220590682,49.57615212575821
2024-02-05 00:00:00-05:00,69.3123550415039,680078000,62.38233317994591,58.37645367185085,4.005879508095063,3.371317718825945,87.4841119596023,68.2669951742933,50.412356632347326
2024-02-06 00:00:00-05:00,68.20366668701172,683111000,63.27792295026373,59.10439537667758,4.173527573586149,3.531759689777986,83.7044598803104,69.24497710561131,51.030922781473656
2024-02-07 00:00:00-05:00,70.0791244506836,495575000,64.32426164263602,59.91733827104839,4.406923371587624,3.7067924261399137,84.41407747962683,70.49164226498407,51.47967617068488
2024-02-08 00:00:00-05:00,69.62125396728516,414422000,65.13918353873588,60.636146841140004,4.503036697595874,3.866041280431106,79.94100507487826,71.4603272091917,52.0396571505495
2024-02-09 00:00:00-05:00,72.11256408691406,436637000,66.21201131537867,61.48625182230845,4.725759493070221,4.0379849229589295,82.36425079199326,72.7934534592039,52.43714117580586
2024-02-12 00:00:00-05:00,72.22752380371094,613710000,67.1374747751221,62.281901598708636,4.855573176413465,4.201502573649837,82.26858956806358,73.81678797564173,53.167110187200066
2024-02-13 00:00:00-05:00,72.10755920410156,602580000,67.90210314881125,63.009728087997004,4.892375060814246,4.339677071082718,80.23140267756098,74.7160148017436,53.84203726124468
2024-02-14 00:00:00-05:00,73.87906646728516,504917000,68.821635967038,63.81486426424057,5.006771702797437,4.473095997425662,81.7834013793512,75.69163872722345,54.65060866352363
2024-02-15 00:00:00-05:00,72.63739776611328,420122000,69.40867624381882,64.4683852643793,4.940290979439524,4.5665349938284345,79.09797742508451,76.25026607059549,55.64663944698263
2024-02-16 00:00:00-05:00,72.59241485595703,495327000,69.89848218414778,65.0701652341258,4.828316950021986,4.618891385067145,77.29418900487182,76.84079268346164,56.36794030298856
2024-02-20 00:00:00-05:00,69.43231201171875,704833000,69.82676369608177,65.3932872176512,4.433476478430563,4.581808403739829,65.57221992458858,76.85315086771843,57.335104060870435
2024-02-21 00:00:00-05:00,67.452880859375,690298000,69.46155095197304,65.54584970963074,3.915701242342294,4.448586971460322,63.40474064524521,76.61884067379252,58.32909900821433
2024-02-22 00:00:00-05:00,78.5157470703125,865100000,70.85450420094834,66.50658284745903,4.347921353489312,4.42845384786612,74.43368952128911,78.24631853716737,58.41873502118223
2024-02-23 00:00:00-05:00,78.7946548461914,829388000,72.07606583867805,67.41681040292069,4.659255435757359,4.474614165444367,71.90775664726218,79.61679636849462,58.76776974783841
2024-02-26 00:00:00-05:00,79.06958770751953,503973000,73.15199228003827,68.27997909215023,4.872013187888044,4.554093969933103,68.77643808811257,80.66371001000297,59.52644463782417
2024-02-27 00:00:00-05:00,78.6786880493164,391705000,74.00225316761953,69.05025382971809,4.951999337901441,4.633675043526771,70.73041471036227,81.49534846110718,60.31794575886353
2024-02-28 00:00:00-05:00,77.6409912109375,393110000,74.56205902043767,69.68660474684545,4.875454273592226,4.682030889539862,65.47843667241463,81.91494372401824,61.38682934727082
2024-02-29 00:00:00-05:00,79.0895767211914,507289000,75.25860020516902,70.3831211893896,4.875479015779419,4.720720514787774,68.62536634445564,82.12650209920221,62.93327306254096
2024-03-01 00:00:00-05:00,82.25567626953125,479135000,76.33507344584012,71.26256971384454,5.072503731995582,4.791077158229336,69.4367560328771,82.92760253041472,64.05682663828647
2024-03-04 00:00:00-05:00,85.21282958984375,615616000,77.70088208337914,72.29592229725189,5.40495978612725,4.913853683808919,72.43890772996053,84.58198175657952,64.30960531007088
2024-03-05 00:00:00-05:00,85.94366455078125,520639000,78.96900246297946,73.3068661678837,5.662136295095763,5.063510206066288,73.41477711414265,86.32791084018228,64.22680717739584
2024-03-06 00:00:00-05:00,88.67901611328125,582520000,80.46285071687204,74.44554394161685,6.017306775255193,5.25426951990407,74.25464679041437,88.34184772378913,64.26040523641595
2024-03-07 00:00:00-05:00,92.6470718383789,608119000,82.33734627402694,75.79380526730293,6.543541006724013,5.5121238172680584,80.10249992195205,91.13055036700945,63.72849733196517
2024-03-08 00:00:00-05:00,87.5073013305664,1142269000,83.13272397503302,76.66147164235949,6.471252332673529,5.703949520349153,69.45554210920209,92.2125425173298,64.43510991797295
2024-03-11 00:00:00-04:00,85.75370788574219,678364000,83.53595226898827,77.3349706233508,6.200981645637469,5.803355945406817,72.10123052420735,92.94996282495889,65.06180399022666
2024-03-12 00:00:00-04:00,91.89126586914062,668075000,84.82138513055017,78.41321471563153,6.408170414918644,5.924318839309183,79.7432002287947,94.67405174626724,65.30408927546127
2024-03-13 00:00:00-04:00,90.86650085449219,635713000,85.75140293423355,79.33568035554713,6.415722578686427,6.022599587184632,69.89220516162835,95.88616601242907,65.96786917433852
2024-03-14 00:00:00-04:00,87.9231948852539,602318000,86.08552477285207,79.97179254293282,6.1137322299192505,6.040826115731556,63.540371377471736,96.51367426300438,66.74477376556008
2024-03-15 00:00:00-04:00,87.81621551513672,642086000,86.3517848870497,80.55286091124422,5.798923975805479,5.992445687746341,63.03884683274798,96.88501523386626,67.89131456960055
2024-03-18 00:00:00-04:00,88.43407440185547,668976000,86.67213712009675,81.13665450314136,5.535482616955392,5.901053073588151,64.44488778550688,97.14488045556679,69.21561530248984
2024-03-19 00:00:00-04:00,89.37686157226562,672171000,87.08824857427658,81.74704021196538,5.341208362311193,5.78908413133276,67.42638802160982,96.79162866140787,71.56332205270347
2024-03-20 00:00:00-04:00,90.35062408447266,479063000,87.59015249892212,82.38434272104,5.2058097778821235,5.672429260642633,66.96049375452736,95.4581300756805,75.18659496094058
2024-03-21 00:00:00-04:00,91.41336822509766,480372000,88.17833953371836,83.05315942504427,5.125180108674087,5.562979430248924,64.72557188217452,95.91911067388341,76.01537647821621
2024-03-22 00:00:00-04:00,94.2667007446289,586719000,89.11501048924306,83.88379211538387,5.231218373859193,5.496627218970978,64.60740032097387,96.7503584935533,76.73133324839006
2024-03-25 00:00:00-04:00,94.97952270507812,552136000,90.01724313783308,84.70569808499086,5.31154505284222,5.459610785745227,64.58681680104601,97.50762160293118,77.56506363876804
2024-03-26 00:00:00-04:00,92.53910064697266,513648000,90.40522121616225,85.28595012661914,5.119271089543105,5.3915428465048025,56.29134082484559,97.51137089482091,78.94735560664392
2024-03-27 00:00:00-04:00,90.22864532470703,586067000,90.3780556943999,85.65207569684787,4.725979997552031,5.258430276714249,45.8331953109185,96.71536190936371,81.0021300034781
2024-03-28 00:00:00-04:00,90.33462524414062,435212000,90.3713740866677,85.99893121886956,4.372442867798142,5.081232794931028,55.89360614591686,95.80551029835429,83.03648646678242
2024-04-01 00:00:00-04:00,90.34162139892578,452441000,90.36679675009202,86.3206119729478,4.046184777144219,4.874223191373666,60.31466090522471,95.25147087892366,84.39912039915252
2024-04-02 00:00:00-04:00,89.43083953857422,433064000,90.22280333293544,86.55099920003124,3.6718041329041995,4.633739379679773,42.768978536068666,95.01715390529341,85.05523836765582
2024-04-03 00:00:00-04:00,88.94295501708984,370067000,90.02590359203612,86.72818111240595,3.297722479630167,4.3665359996698525,44.162622241506014,94.81658159325862,85.55573972632145
2024-04-04 00:00:00-04:00,85.88467407226562,434965000,89.38879135822528,86.6656991094326,2.723092248792682,4.037847249494418,43.856578622448815,95.02396514365488,85.06892197182363
2024-04-05 00:00:00-04:00,87.9871826171875,399678000,89.17315924421946,86.7635867766737,2.4095724675457575,3.7121922931046862,50.45991991576994,94.71406635525021,84.91283183810917
2024-04-08 00:00:00-04:00,87.11238861083984,283220000,88.8561176083149,86.7894239495749,2.0666936587400073,3.383092566231751,46.49300244305148,94.73644609637869,84.85096082500804
2024-04-09 00:00:00-04:00,85.33380126953125,503547000,88.31422278696357,86.68160004734943,1.6326227396141348,3.0329986009082277,39.727658861787106,94.79070091067187,84.75471534909376
2024-04-10 00:00:00-04:00,87.0184097290039,431929000,88.11486693189285,86.70654891265717,1.4083180192356792,2.708062484573718,41.828881711482225,94.58697900326227,84.47115164248969
2024-04-11 00:00:00-04:00,90.59456634521484,431637000,88.496359149327,86.99455020395774,1.5018089453692625,2.4668117767328273,48.21250477178382,94.55968764395477,84.47124955086944
2024-04-12 00:00:00-04:00,88.1651382446289,426805000,88.44540208706576,87.08126042919264,1.3641416578731196,2.2462777529608857,36.428731426864786,94.55684471669036,84.49828681407135
2024-04-15 00:00:00-04:00,85.98065185546875,443077000,88.06620974374314,86.99973386817605,1.0664758755670931,2.0103173774821275,31.214288035054352,94.65978556873112,84.21178959606381
2024-04-16 00:00:00-04:00,87.39432525634766,370453000,87.96284289952845,87.02896285989246,0.9338800396359943,1.795029909912901,38.77893060913692,94.67009464435048,84.09750560589364
2024-04-17 00:00:00-04:00,84.01512145996094,495400000,87.35550113959499,86.80571534878642,0.5497857908085706,1.545981086092035,37.05158164483686,94.9217638816317,83.30966235738197
2024-04-18 00:00:00-04:00,84.65097045898438,447260000,86.93941949642412,86.64610461620849,0.29331488021563246,1.2954478449167546,38.411696444960185,94.93350272042697,82.72795815603787
2024-04-19 00:00:00-04:00,76.18197631835938,875198000,85.28442823826032,85.870984001553,-0.5865557632926794,0.9190471232748678,28.53639034278484,96.25939107082154,79.87893061496949
2024-04-22 00:00:00-04:00,79.49919128417969,596341000,84.39439178378638,85.39899935582164,-1.004607572035269,0.5343161842128404,35.96894666078303,95.82549330458247,78.83607743516362
2024-04-23 00:00:00-04:00,82.40350341796875,438559000,84.08810126596828,85.17711076783254,-1.0890095018642683,0.2096510469974187,41.35178444191127,94.6574844600801,78.74648435095506
2024-04-24 00:00:00-04:00,79.65815734863281,512208000,83.40657143253205,84.76829940344739,-1.3617279709153394,-0.10462475658513289,41.69690670549546,94.10876327065523,78.00711121054593
2024-04-25 00:00:00-04:00,82.61245727539062,424641000,83.28440002374106,84.6086073939617,-1.3242073702206483,-0.348541279312236,42.99197885007636,93.61705040354241,77.73720527272712
2024-04-26 00:00:00-04:00,87.71424865722656,551011000,83.96591519812344,84.83865489494428,-0.8727396968208438,-0.4533809628139576,50.7068407113441,93.24526165675103,77.8469563608271
2024-04-29 00:00:00-04:00,87.73624420166016,388971000,84.54596581405217,85.0532911398862,-0.5073253258340316,-0.4641698354179724,52.94291808262895,92.85720212345761,77.97447817439395
2024-04-30 00:00:00-04:00,86.38156127929688,363709000,84.8283651163975,85.15168152058328,-0.3233164041857748,-0.43599914917153293,49.21352333218197,92.47992688420585,78.04682558771798
2024-05-01 00:00:00-04:00,83.02135467529297,559863000,84.55036351007374,84.99387953204325,-0.4435160219695149,-0.43750252373112936,40.597302548620206,92.03251806319717,77.90207437454696
2024-05-02 00:00:00-04:00,85.79669952392578,377898000,84.74210751220483,85.0533476795901,-0.3112401673852787,-0.4122500524619592,47.0844531466598,92.02582366841662,77.89997131449354
2024-05-03 00:00:00-04:00,88.76799774169922,398341000,85.36147523981934,85.32850694345004,0.03296829636930454,-0.3232063826957065,53.36601723293802,92.14344631693753,77.86043017842381
2024-05-06 00:00:00-04:00,92.11820220947266,376203000,86.40097169668908,85.83144733352579,0.5695243631632962,-0.14466023352390597,55.449695269539724,93.02789551524752,77.4765623399771
2024-05-07 00:00:00-04:00,90.53257751464844,437342000,87.03660336099053,86.17967919879413,0.8569241621963926,0.05565664562015373,57.84344258833165,93.63897549174875,77.38535998798757
2024-05-08 00:00:00-04:00,90.39061737060547,325721000,87.55260551631591,86.49160054485424,1.0610049714616707,0.25672631078845715,56.99048585422422,94.074706839803,77.28684940409347
2024-05-09 00:00:00-04:00,88.72601318359375,378013000,87.73312977282019,86.65711259216828,1.0760171806519168,0.4205844847611491,68.31305816126725,93.79042118677268,77.38427974096169
2024-05-10 00:00:00-04:00,89.85672760009766,335325000,88.05983713086287,86.89412111127416,1.1657160195887144,0.5696107917266622,66.15216106866396,94.02050398782461,77.32335587545663
2024-05-13 00:00:00-04:00,90.37762451171875,289680000,88.4164198048407,87.15215840019599,1.2642614046447136,0.7085409143102726,63.433958461543995,94.50205828963327,77.28149883927297
2024-05-14 00:00:00-04:00,91.33439636230469,296507000,88.86533927521978,87.46195380479664,1.4033854704231459,0.8475098255328473,70.9323649692941,95.01819642728357,77.15936781221838
2024-05-15 00:00:00-04:00,94.60761260986328,417735000,89.74876594208801,87.9912618644312,1.7575040776568187,1.0295086759576415,71.26098493259275,96.25822487118815,76.97858848330405
2024-05-16 00:00:00-04:00,94.33667755126953,323952000,90.45459849734671,88.46129265604885,1.993305841297854,1.2222681090256842,64.16352915107427,97.28429778130366,76.92108628241705
2024-05-17 00:00:00-04:00,92.45711517333984,359691000,90.76267798596103,88.75727950918152,2.0053984767795185,1.3788941825764511,59.35343691274032,96.96105204723807,78.87184590198069
2024-05-20 00:00:00-04:00,94.75757598876953,318764000,91.3772776787008,89.20174591507693,2.17553176362388,1.538221698785937,65.99587201798758,97.29859871803552,80.06013770164222
2024-05-21 00:00:00-04:00,95.36344146728516,328946000,91.99053364617532,89.6581678078331,2.332365838342227,1.6970505266971951,76.34106928619161,97.90855931016675,80.74617091444263
2024-05-22 00:00:00-04:00,94.92754364013672,548648000,92.442381337554,90.04849194355928,2.393889393994712,1.8364183001566987,71.6493707779315,97.71332136353242,82.46834749022734
2024-05-23 00:00:00-04:00,103.77445220947266,835065000,94.18577685631071,91.06522974103434,3.1205471152763664,2.093244063180632,77.82722196064938,100.15080214397888,82.14706620318908
2024-05-24 00:00:00-04:00,106.44381713867188,429494000,96.0716292074432,92.20438436308157,3.867244844361622,2.4480442194168304,77.25284961669836,103.22572603544091,80.94509915987157
2024-05-28 00:00:00-04:00,113.87406158447266,652728000,98.81046495775541,93.80954563874018,5.000919319015239,2.958619239336512,86.32644051785287,107.98268931101137,78.80191762258238
2024-05-29 00:00:00-04:00,114.79783630371094,557442000,101.27006054944088,95.36423383614542,5.905826713295468,3.5480607341283035,87.08264817454689,111.85701750888546,77.7692169271497
2024-05-30 00:00:00-04:00,110.47386169433594,487350000,102.68602995634781,96.48346552934471,6.202564427003097,4.078961472703262,80.57170607068227,113.64776329939149,78.72372183854797
2024-05-31 00:00:00-04:00,109.60707092285156,613263000,103.75080548965607,97.45558444738225,6.295221042273823,4.522213386617374,77.97129435998593,115.10066268346635,79.65185959436569
2024-06-03 00:00:00-04:00,114.9728012084961,438392000,105.47726636947762,98.75315605931661,6.724110310161009,4.9625927713261015,80.62949467693433,117.56804276082677,79.80495986368494
2024-06-04 00:00:00-04:00,116.40946197509766,403324000,107.15914261649608,100.06103057159669,7.098112044899395,5.38969662604076,80.85828697509565,120.08387304568322,79.71825555539101
2024-06-05 00:00:00-04:00,122.4110336303711,528402000,109.50558738786147,101.71658635372812,7.789001034133349,5.8695575076592785,82.06280993829652,123.5141690709627,79.47580514168378
2024-06-06 00:00:00-04:00,120.96936798095703,664696000,111.2692459406454,103.14271832611544,8.126527614529962,6.320951529033415,79.90523668896566,126.02141769078645,80.02643158289519
2024-06-07 00:00:00-04:00,120.85940551757812,412386000,112.74465510632736,104.45506552548305,8.289589580844307,6.714679139395594,83.2121596769448,127.9103510949071,81.35083741217298
2024-06-10 00:00:00-04:00,121.76119232177734,314162700,114.13181467793505,105.73700084372707,8.39481383420798,7.050706078358072,82.64444683835427,129.61517239686668,82.83646258238136
2024-06-11 00:00:00-04:00,120.89132690429688,222551200,115.17173963583687,106.85954351488039,8.312196120956486,7.303004086877755,80.66471680333856,130.76592270294447,84.73708251556137
2024-06-12 00:00:00-04:00,125.18065643310547,299595000,116.7115729892628,108.21666299030447,8.494909998958335,7.541385269293872,83.26153142071827,132.35268467277544,86.53494655281051
2024-06-13 00:00:00-04:00,129.58998107910156,260704500,118.69286654154568,109.79987173762278,8.892994803922903,7.811707176219678,81.45163194310828,134.66719360487545,87.71867446763432
2024-06-14 00:00:00-04:00,131.85964965820312,309320400,120.7185254825699,111.43392936136948,9.284596121200423,8.106284965215828,81.26920942582542,136.86658439471628,89.27158088848685
2024-06-17 00:00:00-04:00,130.95977783203125,288504400,122.29410276710242,112.88028850734443,9.413814259757984,8.36779082412426,75.04504163961187,137.98678297589998,92.00164857317228
2024-06-18 00:00:00-04:00,135.55906677246094,294335100,124.3348664602345,114.56019800846417,9.774668451770324,8.649166349653473,77.47248930868913,139.70483517360097,94.36374545384044
2024-06-20 00:00:00-04:00,130.75979614257812,517768400,125.32331718059505,115.76016824062076,9.563148939974297,8.831962867717639,76.51008451185044,139.81737876399987,97.79083733097085
2024-06-21 00:00:00-04:00,126.55045318603516,655484700,125.51210733527815,116.55944860694775,8.952658728330391,8.85610203984019,70.3630071558342,138.37538800937818,102.39511904018235
2024-06-24 00:00:00-04:00,118.09175872802734,476060900,124.37051524185495,116.67295306036105,7.697562181493893,8.62439406817093,53.48905526630496,137.36477283209538,104.83746486932063
2024-06-25 00:00:00-04:00,126.07051849365234,425787500,124.63205420366994,117.36906901838263,7.262985185287306,8.352112291594207,59.42755422935354,136.92906375976193,107.23584407715214
2024-06-26 00:00:00-04:00,126.38048553466797,362975900,124.9010436392081,118.03658135292228,6.864462286285814,8.05458229053253,54.357553128941646,137.14660071348544,108.26894951844814
